metric	value
reads_examined	23
reads_spanning_splice_junction	23
chromosomes	11
modkit_calls_compared	659
modkit_rows_inferred_skipped	13044
pysam_calls_compared	659
agreeing_calls	659
modkit_only	0
pysam_only	0
verdict	PASS

read_id	chrom	read_length	spliced	calls_projected
03e1eb4d-6e25-4677-8926-f55222abfa63	CP068266.2	2020	True	8
098e60da-717b-4f88-ab6b-c72e7b5517ce	CP068266.2	1273	True	3
18250562-14a5-4475-889d-f8487c25b335	CP068265.2	1032	True	12
1f5b48da-8264-4341-9f9b-d7686ab0fc9a	CP068267.2	1051	True	1
229e6d2d-d476-4cd4-b9c8-ac1f691ba9b0	CP068255.2	589	True	1
27c3331c-1a79-4fa6-98c6-0d486e1d7d9e	CP068259.2	1199	True	16
33393ca5-822b-4153-acee-9962383adfbe	CP068267.2	713	True	7
87e03518-7e7f-45df-b895-d159919d4dbb	CP068261.2	748	True	3
90d25fbd-9575-479f-8ff8-725b425d0090	CP068258.2	598	True	55
94fa9af1-da2c-4298-8b88-69e349756b45	CP068259.2	597	True	11
957e6c60-ed64-4154-b025-825704e430d1	CP068259.2	720	True	44
9e6e6143-418e-495b-81c0-c4774f1acb1a	CP068263.2	717	True	21
a4c66cd3-56b2-49f4-90d6-2c940c2d5114	CP068259.2	989	True	2
b36505e1-4260-4b8d-b502-90d30255943d	CP068261.2	640	True	90
b9302365-7492-4c89-9705-e0d0bb1ba1d6	CP068259.2	1062	True	78
c4d29fdf-1bd5-4d9c-8315-e236b2909a8b	CP068264.2	1742	True	29
d2bf7eeb-bc43-4f7c-8dd4-f5372e262d5b	CP068255.2	1667	True	28
d8d6437d-46d1-4e35-8e17-9799979e97ae	CP068264.2	477	True	11
e3ac0db4-7c33-461b-a045-505030d20443	CP068268.2	2328	True	21
eb77b1b9-7020-42d3-b50a-2e3ed1758290	CP068259.2	924	True	18
efc77948-0b4c-4da1-8e38-1b4fe55a4da7	CP068263.2	907	True	94
fd2d0b21-e7c4-460d-969a-578b8346f9f3	CP068267.2	1124	True	27
fd9180a4-4a69-478e-8788-a2e2af51688c	CP068262.2	2131	True	79
