kmer	status	n_obs_JAR_run1	fp_JAR_run1	FPR_JAR_run1	above_requirement_JAR_run1	n_obs_JAR_run2	fp_JAR_run2	FPR_JAR_run2	above_requirement_JAR_run2	n_obs_JEG3	fp_JEG3	FPR_JEG3	above_requirement_JEG3
CCAGC	allowlist	355773	0	0	false	539072	0	0	false	820329	0	0	false
CCAGG	allowlist	351368	0	0	false	514689	0	0	false	779937	0	0	false
TGAAG	allowlist	348746	0	0	false	555510	1	1.800e-06	false	892870	11	1.232e-05	false
GCAGC	allowlist	337053	0	0	false	488854	0	0	false	739766	0	0	false
AAAAA	allowlist	336226	0	0	false	528365	2	3.785e-06	false	848606	5	5.892e-06	false
GGAGG	allowlist	305917	0	0	false	450122	0	0	false	677085	0	0	false
TCATC	allowlist	305618	0	0	false	500831	0	0	false	791880	1	1.263e-06	false
AAAAT	allowlist	302308	0	0	false	486535	0	0	false	723831	1	1.382e-06	false
TGATG	allowlist	300638	0	0	false	483984	0	0	false	764305	0	0	false
GCAGG	allowlist	295821	0	0	false	427076	0	0	false	663340	0	0	false
TCAGC	allowlist	283578	0	0	false	445649	0	0	false	683408	0	0	false
GGAGA	allowlist	281208	0	0	false	446245	0	0	false	681424	0	0	false
TCAGG	allowlist	280990	0	0	false	452548	0	0	false	684190	0	0	false
CAAAG	allowlist	279749	0	0	false	465994	1	2.146e-06	false	683533	1	1.463e-06	false
AGATG	allowlist	277802	0	0	false	459344	0	0	false	715255	0	0	false
CCACC	allowlist	275470	0	0	false	417021	0	0	false	638981	0	0	false
CAAGA	allowlist	266927	0	0	false	442312	0	0	false	663170	0	0	false
CCACA	allowlist	265703	0	0	false	446802	0	0	false	653649	0	0	false
AAAGA	allowlist	264044	0	0	false	424629	0	0	false	665364	4	6.012e-06	false
CCAGA	allowlist	261521	0	0	false	408330	0	0	false	640109	0	0	false
GCAGA	allowlist	260591	0	0	false	412839	0	0	false	640265	0	0	false
AGAGA	allowlist	256889	0	0	false	429700	1	2.327e-06	false	648619	2	3.083e-06	false
ACAGC	allowlist	250095	0	0	false	414255	0	0	false	620963	0	0	false
CCATC	allowlist	245113	0	0	false	386811	0	0	false	594577	0	0	false
TCAGA	allowlist	244428	0	0	false	429378	0	0	false	641155	0	0	false
AAACA	allowlist	244264	0	0	false	414625	0	0	false	607624	1	1.646e-06	false
TGAGG	allowlist	243033	0	0	false	378893	0	0	false	572987	0	0	false
ACAAA	allowlist	238639	0	0	false	400649	0	0	false	593270	0	0	false
CAAAA	allowlist	238349	0	0	false	377885	0	0	false	586118	3	5.118e-06	false
CAAGG	allowlist	238306	0	0	false	384732	0	0	false	564620	0	0	false
TCAAA	allowlist	237334	1	4.213e-06	false	408045	0	0	false	582530	2	3.433e-06	false
GGATG	allowlist	237011	0	0	false	376956	0	0	false	591834	0	0	false
CCAAG	allowlist	235126	0	0	false	367914	0	0	false	556874	0	0	false
TCAAG	allowlist	232729	0	0	false	393506	0	0	false	573793	2	3.486e-06	false
ACAGA	allowlist	232465	0	0	false	394718	0	0	false	592234	0	0	false
AGAGG	allowlist	231832	0	0	false	356903	0	0	false	556889	0	0	false
AAATT	allowlist	231511	0	0	false	381652	0	0	false	588284	2	3.400e-06	false
CCATG	allowlist	229575	0	0	false	361049	0	0	false	567830	3	5.283e-06	false
AAATG	allowlist	226810	1	4.409e-06	false	360267	0	0	false	544266	0	0	false
CCAGT	allowlist	222478	0	0	false	372953	0	0	false	549415	0	0	false
AAAAG	allowlist	221498	0	0	false	338938	1	2.950e-06	false	563631	6	1.065e-05	false
ACAGG	allowlist	221293	0	0	false	364082	0	0	false	522732	0	0	false
CAACA	allowlist	219340	0	0	false	376719	0	0	false	570266	0	0	false
AAAAC	allowlist	219165	0	0	false	364001	0	0	false	546493	1	1.830e-06	false
TAAAA	allowlist	212802	0	0	false	337501	1	2.963e-06	false	504296	3	5.949e-06	false
ACAAG	allowlist	212604	0	0	false	360108	0	0	false	520122	1	1.923e-06	false
TGACA	allowlist	212137	0	0	false	355092	0	0	false	533273	0	0	false
CCAAA	allowlist	211910	0	0	false	340932	1	2.933e-06	false	530500	0	0	false
TCATT	allowlist	209252	0	0	false	350665	0	0	false	544140	0	0	false
AAATA	allowlist	209058	0	0	false	336481	0	0	false	525318	0	0	false
CAATG	allowlist	207916	0	0	false	348407	1	2.870e-06	false	527714	0	0	false
TGAGA	allowlist	206423	0	0	false	348448	0	0	false	530427	0	0	false
CAAAT	allowlist	204433	0	0	false	344163	0	0	false	520216	2	3.845e-06	false
AAAGG	allowlist	203952	0	0	false	328641	0	0	false	506994	0	0	false
TCATG	allowlist	201906	0	0	false	328306	0	0	false	516186	0	0	false
AGACA	allowlist	201853	0	0	false	342407	0	0	false	505550	0	0	false
TCACC	allowlist	201505	0	0	false	310929	0	0	false	476519	0	0	false
TTAAA	allowlist	200190	0	0	false	319065	1	3.134e-06	false	478778	1	2.089e-06	false
AAACT	allowlist	199893	0	0	false	333823	0	0	false	502182	1	1.991e-06	false
TCAGT	allowlist	198012	0	0	false	338702	0	0	false	503778	0	0	false
AGAAT	allowlist	197988	1	5.051e-06	false	333629	0	0	false	508246	4	7.870e-06	false
GGAGC	allowlist	196346	0	0	false	267696	0	0	false	427646	0	0	false
AGAAC	allowlist	195967	0	0	false	322636	0	0	false	494676	1	2.022e-06	false
ACATC	allowlist	194622	0	0	false	319830	0	0	false	483130	0	0	false
TGAGC	allowlist	194553	0	0	false	305553	0	0	false	497074	0	0	false
ACATT	allowlist	193928	0	0	false	327776	0	0	false	465410	0	0	false
GAACA	allowlist	193918	0	0	false	316831	0	0	false	490966	0	0	false
AAAGC	allowlist	193686	1	5.163e-06	false	306157	1	3.266e-06	false	490799	1	2.037e-06	false
AAATC	allowlist	193570	0	0	false	329034	0	0	false	481614	0	0	false
GGACA	allowlist	192897	0	0	false	299684	0	0	false	461763	0	0	false
AGATC	allowlist	190620	0	0	false	326988	0	0	false	497322	0	0	false
CCACT	allowlist	190421	0	0	false	311225	0	0	false	456146	0	0	false
TCACA	allowlist	188456	0	0	false	298734	0	0	false	425837	0	0	false
CCATT	allowlist	188255	0	0	false	317383	0	0	false	460827	0	0	false
AAAGT	allowlist	187670	1	5.329e-06	false	305382	0	0	false	471769	2	4.239e-06	false
ATAAA	allowlist	187583	1	5.331e-06	false	307279	1	3.254e-06	false	467800	5	1.069e-05	false
GCACA	allowlist	186630	0	0	false	292280	0	0	false	417552	0	0	false
ACAGT	allowlist	186615	0	0	false	318145	0	0	false	471216	0	0	false
ACACA	allowlist	186440	0	0	false	311338	0	0	false	449514	0	0	false
GCAGT	allowlist	183843	0	0	false	291904	0	0	false	430013	0	0	false
CAAGC	allowlist	182900	0	0	false	297027	0	0	false	455728	0	0	false
AGATT	allowlist	182488	0	0	false	309812	0	0	false	462058	0	0	false
GCAAG	allowlist	181923	0	0	false	287336	0	0	false	439968	0	0	false
GCATC	allowlist	181095	0	0	false	286080	0	0	false	452811	0	0	false
TGACC	allowlist	180889	0	0	false	293094	0	0	false	458255	0	0	false
TCAAT	allowlist	178240	0	0	false	308718	0	0	false	463252	1	2.159e-06	false
GCAAA	allowlist	178098	0	0	false	288575	0	0	false	453605	0	0	false
TCACT	allowlist	177876	0	0	false	289876	0	0	false	434897	0	0	false
TGAAT	allowlist	176002	0	0	false	290370	0	0	false	454333	0	0	false
GAACT	allowlist	175103	0	0	false	282667	0	0	false	445143	0	0	false
AGAGC	allowlist	174347	0	0	false	262745	0	0	false	403593	1	2.478e-06	false
TAAAG	allowlist	174273	0	0	false	285683	0	0	false	443709	1	2.254e-06	false
CAAGT	allowlist	171623	0	0	false	280047	0	0	false	402592	0	0	false
TGATT	allowlist	171618	0	0	false	290910	0	0	false	419915	0	0	false
TTATT	allowlist	170925	0	0	false	286203	0	0	false	433888	1	2.305e-06	false
CAAAC	allowlist	169607	0	0	false	299048	0	0	false	448237	0	0	false
GAATG	allowlist	168884	0	0	false	275062	1	3.636e-06	false	417522	0	0	false
ACATG	allowlist	166268	0	0	false	272649	0	0	false	413616	0	0	false
TGAAC	allowlist	165478	0	0	false	272877	0	0	false	440591	0	0	false
AGACC	allowlist	165098	0	0	false	276930	0	0	false	418056	0	0	false
GAATT	allowlist	163158	0	0	false	268182	0	0	false	418050	0	0	false
AAACC	allowlist	162710	0	0	false	274739	0	0	false	405890	0	0	false
TGATC	allowlist	162348	0	0	false	270439	0	0	false	430270	0	0	false
ACACC	allowlist	161712	0	0	false	265207	0	0	false	389389	0	0	false
GCACC	allowlist	160771	0	0	false	240109	0	0	false	368702	0	0	false
GGACC	allowlist	160688	0	0	false	253482	0	0	false	364648	0	0	false
ATATT	allowlist	160110	1	6.246e-06	false	254568	0	0	false	407797	1	2.452e-06	false
TGACT	allowlist	159987	0	0	false	269634	0	0	false	416589	0	0	false
CCAAC	allowlist	159661	0	0	false	268711	0	0	false	408552	0	0	false
GCATT	allowlist	154903	0	0	false	256314	0	0	false	391457	0	0	false
TTACA	allowlist	154393	0	0	false	270086	0	0	false	394067	0	0	false
AGACT	allowlist	154319	0	0	false	268312	0	0	false	406181	0	0	false
TAAAT	allowlist	152677	0	0	false	253371	0	0	false	390194	1	2.563e-06	false
GGAAC	allowlist	152481	0	0	false	237497	0	0	false	364938	0	0	false
GGAAT	allowlist	152050	0	0	false	241531	0	0	false	373883	1	2.675e-06	false
GGACT	allowlist	151585	0	0	false	239512	0	0	false	368664	0	0	false
CAACT	allowlist	151055	0	0	false	247154	0	0	false	395026	0	0	false
GGATC	allowlist	147949	0	0	false	241067	0	0	false	373959	0	0	false
GCATG	allowlist	147199	0	0	false	231585	0	0	false	349313	0	0	false
ACAAT	allowlist	145710	0	0	false	249973	1	4.000e-06	false	377723	0	0	false
TCAAC	allowlist	142417	0	0	false	238230	0	0	false	383251	0	0	false
CAATT	allowlist	141340	0	0	false	249106	0	0	false	362987	0	0	false
ACAAC	allowlist	139319	0	0	false	231752	0	0	false	362503	0	0	false
GAACC	allowlist	138268	0	0	false	222507	0	0	false	341409	0	0	false
GAATC	allowlist	137848	0	0	false	225025	0	0	false	348361	1	2.871e-06	false
AGAGT	allowlist	137470	0	0	false	225215	0	0	false	324830	0	0	false
CCAAT	allowlist	137386	0	0	false	231388	0	0	false	344051	0	0	false
ACACT	allowlist	136869	0	0	false	226500	0	0	false	333155	0	0	false
ATACA	allowlist	136634	0	0	false	233052	2	8.582e-06	false	347649	2	5.753e-06	false
GGAGT	allowlist	135016	0	0	false	207104	0	0	false	314456	0	0	false
GGATT	allowlist	134634	0	0	false	220559	0	0	false	329456	0	0	false
CAACC	allowlist	134506	0	0	false	217891	0	0	false	342790	0	0	false
TCATA	allowlist	133912	1	7.468e-06	false	210755	0	0	false	338690	3	8.858e-06	false
TGAGT	allowlist	133538	0	0	false	222222	0	0	false	333799	0	0	false
GCACT	allowlist	133405	0	0	false	209155	0	0	false	306214	0	0	false
AGATA	allowlist	131763	0	0	false	225569	0	0	false	348091	0	0	false
TTAAT	allowlist	131729	0	0	false	214769	0	0	false	326354	1	3.064e-06	false
TAATT	allowlist	130353	1	7.671e-06	false	213757	1	4.678e-06	false	315673	1	3.168e-06	false
TGATA	allowlist	128831	0	0	false	218423	0	0	false	341809	0	0	false
ATAAT	allowlist	128810	0	0	false	210954	1	4.740e-06	false	331921	1	3.013e-06	false
TAAGA	allowlist	126817	1	7.885e-06	false	212160	0	0	false	314823	1	3.176e-06	false
GCAAT	allowlist	125783	0	0	false	207649	0	0	false	315233	0	0	false
TTAAG	allowlist	124081	0	0	false	203929	1	4.904e-06	false	290356	3	1.033e-05	false
CAATA	allowlist	123452	0	0	false	206752	0	0	false	320479	0	0	false
TAACA	allowlist	123053	0	0	false	211790	0	0	false	313351	1	3.191e-06	false
GTACA	allowlist	122674	0	0	false	203410	0	0	false	309544	0	0	false
TTACT	allowlist	120396	0	0	false	205871	0	0	false	308276	0	0	false
ATATA	allowlist	120112	0	0	false	196610	3	1.526e-05	false	282217	3	1.063e-05	false
GTAAA	allowlist	119758	0	0	false	191156	0	0	false	293800	0	0	false
GCAAC	allowlist	119495	0	0	false	187984	0	0	false	296193	0	0	false
TTATC	allowlist	118666	0	0	false	204810	1	4.883e-06	false	306695	0	0	false
TTATG	allowlist	117091	0	0	false	196575	0	0	false	299218	1	3.342e-06	false
TTATA	allowlist	116324	0	0	false	192582	0	0	false	291307	0	0	false
CAATC	allowlist	115249	0	0	false	196099	0	0	false	291817	0	0	false
GTATT	allowlist	114466	0	0	false	188857	0	0	false	292081	1	3.424e-06	false
TAATG	allowlist	114314	0	0	false	186684	0	0	false	292994	0	0	false
CCACG	allowlist	112673	0	0	false	160030	0	0	false	236746	0	0	false
CTACT	allowlist	112454	1	8.893e-06	false	191003	4	2.094e-05	false	300219	13	4.330e-05	true
ACATA	allowlist	111617	0	0	false	186734	0	0	false	283786	0	0	false
TAAAC	allowlist	110774	0	0	false	184035	0	0	false	275809	1	3.626e-06	false
ATATC	allowlist	110066	1	9.085e-06	false	179990	1	5.556e-06	false	278196	5	1.797e-05	false
CCATA	allowlist	108668	1	9.202e-06	false	180186	0	0	false	277816	1	3.600e-06	false
GAATA	allowlist	108144	0	0	false	176869	0	0	false	289525	1	3.454e-06	false
TAAGG	allowlist	108073	0	0	false	176943	0	0	false	261252	1	3.828e-06	false
ATACT	allowlist	105669	0	0	false	170726	2	1.171e-05	false	275776	1	3.626e-06	false
GTACT	allowlist	105562	0	0	false	171686	0	0	false	265252	0	0	false
ATAAG	allowlist	105235	1	9.503e-06	false	174006	0	0	false	273344	3	1.098e-05	false
GTAGA	allowlist	103938	0	0	false	166753	0	0	false	262375	0	0	false
TTAGA	allowlist	103902	0	0	false	179661	0	0	false	270874	0	0	false
ATAGA	allowlist	102662	1	9.741e-06	false	171348	0	0	false	256455	2	7.799e-06	false
TAATA	allowlist	102496	0	0	false	167724	0	0	false	266183	0	0	false
CGAGG	allowlist	102071	0	0	false	140568	0	0	false	220556	0	0	false
GGATA	allowlist	99358	0	0	false	167451	0	0	false	255458	0	0	false
GTAGT	allowlist	99027	0	0	false	159102	0	0	false	240609	0	0	false
GTAGC	allowlist	99007	0	0	false	158409	0	0	false	246872	0	0	false
TAACT	allowlist	98338	0	0	false	167541	0	0	false	270514	1	3.697e-06	false
TTAGC	allowlist	97408	0	0	false	169226	0	0	false	254246	0	0	false
GTAAT	allowlist	95873	0	0	false	152678	0	0	false	227873	1	4.388e-06	false
GTAGG	allowlist	95237	0	0	false	147910	0	0	false	220069	0	0	false
TTAAC	allowlist	94689	0	0	false	157650	0	0	false	240530	0	0	false
ATAAC	allowlist	93494	0	0	false	161082	0	0	false	250149	3	1.199e-05	false
GTACC	allowlist	91484	0	0	false	148385	1	6.739e-06	false	225886	0	0	false
CGATG	allowlist	91426	0	0	false	141736	0	0	false	219128	0	0	false
TTACC	allowlist	89141	0	0	false	152269	0	0	false	229032	0	0	false
TAATC	allowlist	89057	0	0	false	147379	0	0	false	224712	0	0	false
ATACC	allowlist	88390	0	0	false	151705	0	0	false	242641	8	3.297e-05	true
GTATG	allowlist	88185	0	0	false	142224	0	0	false	227069	2	8.808e-06	false
ATAGC	allowlist	85586	1	1.168e-05	false	144466	0	0	false	232720	1	4.297e-06	false
GCATA	allowlist	85541	0	0	false	140950	0	0	false	223312	0	0	false
TTAGT	allowlist	85117	0	0	false	146390	1	6.831e-06	false	207733	1	4.814e-06	false
TTAGG	allowlist	84242	0	0	false	144790	0	0	false	215975	0	0	false
TAAGT	allowlist	83720	0	0	false	138141	0	0	false	205012	1	4.878e-06	false
ATAGT	allowlist	83664	1	1.195e-05	false	136792	0	0	false	215994	3	1.389e-05	false
GTATC	allowlist	80964	0	0	false	136830	0	0	false	214276	0	0	false
CTAAT	allowlist	77833	1	1.285e-05	false	131927	3	2.274e-05	true	206804	4	1.934e-05	false
TGACG	allowlist	77230	0	0	false	121427	0	0	false	195680	0	0	false
GTAAG	allowlist	76865	0	0	false	120744	0	0	false	184594	0	0	false
AGACG	allowlist	76136	0	0	false	114393	0	0	false	189029	0	0	false
TAAGC	allowlist	75453	0	0	false	121918	0	0	false	197018	0	0	false
TAACC	allowlist	74939	0	0	false	123399	0	0	false	195813	0	0	false
GTAAC	allowlist	74792	0	0	false	124628	0	0	false	191244	0	0	false
GCACG	allowlist	74329	0	0	false	108572	0	0	false	160168	0	0	false
CTAGG	allowlist	72771	0	0	false	128696	3	2.331e-05	true	183909	7	3.806e-05	true
ATAGG	allowlist	72498	1	1.379e-05	false	119229	0	0	false	188987	2	1.058e-05	false
CGAGC	allowlist	71624	0	0	false	94265	0	0	false	168334	0	0	false
GGACG	allowlist	71579	0	0	false	97431	0	0	false	158236	0	0	false
TCACG	allowlist	71036	0	0	false	105678	0	0	false	162554	0	0	false
CGAGA	allowlist	70456	0	0	false	104228	0	0	false	175699	0	0	false
GTATA	allowlist	67614	0	0	false	111026	0	0	false	170869	0	0	false
ACACG	allowlist	65885	0	0	false	105557	0	0	false	162364	0	0	false
CTAGC	allowlist	64077	0	0	false	110565	1	9.044e-06	false	167179	9	5.383e-05	true
CGACA	allowlist	62251	0	0	false	98172	0	0	false	152789	0	0	false
ATATG	allowlist	123210	2	1.623e-05	false	201020	1	4.975e-06	false	308687	5	1.620e-05	false
CTAAC	allowlist	57690	0	0	false	99576	0	0	false	163853	2	1.221e-05	false
CGACC	allowlist	57069	0	0	false	89122	0	0	false	143563	0	0	false
CAACG	allowlist	55731	0	0	false	84475	0	0	false	141662	0	0	false
CTACA	allowlist	163974	3	1.830e-05	false	295579	7	2.368e-05	true	434508	23	5.293e-05	true
GAACG	allowlist	54199	0	0	false	78751	0	0	false	137700	0	0	false
CGATC	allowlist	53425	0	0	false	84337	0	0	false	132870	0	0	false
AAACG	allowlist	52884	0	0	false	83374	0	0	false	135930	0	0	false
CGAAT	allowlist	52320	0	0	false	80754	0	0	false	137670	0	0	false
CGAGT	allowlist	49578	0	0	false	68684	0	0	false	111618	0	0	false
TGAAA	allowlist	245955	5	2.033e-05	false	402623	8	1.987e-05	false	625960	86	1.374e-04	true
CGACT	allowlist	47308	0	0	false	72533	0	0	false	120938	0	0	false
CGAAC	allowlist	47275	0	0	false	67732	0	0	false	115254	0	0	false
CTACG	allowlist	46724	0	0	false	70685	0	0	false	121129	3	2.477e-05	true
CTAAA	excluded	126174	3	2.378e-05	true	212314	6	2.826e-05	true	325690	11	3.377e-05	true
CTAGA	excluded	83097	2	2.407e-05	true	147630	4	2.709e-05	true	217759	5	2.296e-05	true
CGAAG	excluded	75559	2	2.647e-05	true	104472	1	9.572e-06	false	182519	15	8.218e-05	true
CGACG	excluded	37065	0	0	true	51917	0	0	false	88596	0	0	false
GTACG	excluded	35876	0	0	true	54361	0	0	false	93614	0	0	false
CGATT	excluded	35501	0	0	true	58636	0	0	false	95296	0	0	false
TTACG	excluded	31106	0	0	true	52653	0	0	false	81189	0	0	false
CGATA	excluded	30254	0	0	true	49400	0	0	false	81932	0	0	false
ATACG	excluded	29051	0	0	true	47412	0	0	false	79690	0	0	false
CTATG	excluded	106743	4	3.747e-05	true	175374	8	4.562e-05	true	281977	30	1.064e-04	true
TAACG	excluded	23990	0	0	true	39803	0	0	true	65931	0	0	false
CTATA	excluded	67757	3	4.428e-05	true	115201	9	7.812e-05	true	181092	16	8.835e-05	true
CTAAG	excluded	88711	4	4.509e-05	true	150826	3	1.989e-05	false	230955	14	6.062e-05	true
CTAGT	excluded	64669	3	4.639e-05	true	117068	3	2.563e-05	true	170174	11	6.464e-05	true
CTACC	excluded	105713	5	4.730e-05	true	170213	8	4.700e-05	true	262115	20	7.630e-05	true
GAAAC	excluded	168124	8	4.758e-05	true	276356	4	1.447e-05	false	406131	66	1.625e-04	true
GGAAG	excluded	296998	15	5.051e-05	true	467322	8	1.712e-05	false	719700	81	1.125e-04	true
CTATT	excluded	95753	5	5.222e-05	true	162173	4	2.467e-05	true	250380	16	6.390e-05	true
GAAGA	excluded	371482	24	6.461e-05	true	594533	23	3.869e-05	true	956937	247	2.581e-04	true
CTATC	excluded	77175	5	6.479e-05	true	133157	10	7.510e-05	true	203241	12	5.904e-05	true
GGAAA	excluded	245537	17	6.924e-05	true	396843	23	5.796e-05	true	588960	114	1.936e-04	true
GAAGT	excluded	190798	14	7.338e-05	true	293555	12	4.088e-05	true	477315	185	3.876e-04	true
GAAGC	excluded	247237	19	7.685e-05	true	383015	12	3.133e-05	true	602040	120	1.993e-04	true
GAAGG	excluded	276691	23	8.313e-05	true	434162	15	3.455e-05	true	675994	170	2.515e-04	true
CGAAA	excluded	47712	7	1.467e-04	true	68758	3	4.363e-05	true	124944	44	3.522e-04	true
GAAAT	excluded	215278	36	1.672e-04	true	349417	16	4.579e-05	true	546273	202	3.698e-04	true
AGAAG	excluded	359815	101	2.807e-04	true	571720	62	1.084e-04	true	904134	851	9.412e-04	true
GAAAA	excluded	291741	131	4.490e-04	true	473140	109	2.304e-04	true	742427	977	1.316e-03	true
GAAAG	excluded	216850	106	4.888e-04	true	343578	79	2.299e-04	true	566539	883	1.559e-03	true
AGAAA	excluded	325055	222	6.830e-04	true	528222	167	3.162e-04	true	833001	1739	2.088e-03	true
