position	base	failing	n_failing	passing	n_passing	p	q_BH
2	C	0	30	64	226	0.0008	0.012
1	C	14	30	50	226	0.0035	0.028
1	T	2	30	62	226	0.0136	0.072
2	T	12	30	52	226	0.0434	0.099
4	A	12	30	52	226	0.0434	0.099
5	G	12	30	52	226	0.0434	0.099
1	A	3	30	61	226	0.0434	0.099
5	C	4	30	60	226	0.1163	0.207
1	G	11	30	53	226	0.1163	0.207
5	T	5	30	59	226	0.2619	0.419
2	A	9	30	55	226	0.5009	0.501
2	G	9	30	55	226	0.5009	0.501
4	C	6	30	58	226	0.5009	0.501
4	G	6	30	58	226	0.5009	0.501
4	T	6	30	58	226	0.5009	0.501
5	A	9	30	55	226	0.5009	0.501
