kmer	class	n_obs	fp_0.5	FPR_0.5	Q_0.5	fp_0.6	FPR_0.6	Q_0.6	fp_0.7	FPR_0.7	Q_0.7	fp_0.8	FPR_0.8	Q_0.8	fp_0.9	FPR_0.9	Q_0.9	fp_0.95	FPR_0.95	Q_0.95	fp_0.98	FPR_0.98	Q_0.98	fp_0.99	FPR_0.99	Q_0.99
CAACA	A	570266	1147	2.011e-03	27.0	613	1.075e-03	29.7	303	5.313e-04	32.7	103	1.806e-04	37.4	16	2.806e-05	45.5	2	3.507e-06	54.6	0	0	>57.6	0	0	>57.6
CTATG	A	281977	1797	6.373e-03	22.0	1124	3.986e-03	24.0	690	2.447e-03	26.1	331	1.174e-03	29.3	134	4.752e-04	33.2	61	2.163e-04	36.6	30	1.064e-04	39.7	18	6.383e-05	41.9
ACCGG	CpG	116407	1174	1.009e-02	20.0	714	6.134e-03	22.1	408	3.505e-03	24.6	170	1.460e-03	28.4	33	2.835e-04	35.5	7	6.013e-05	42.2	1	8.591e-06	50.7	0	0	>50.7
GCAAA	A	453605	2393	5.276e-03	22.8	1457	3.212e-03	24.9	814	1.795e-03	27.5	308	6.790e-04	31.7	48	1.058e-04	39.8	7	1.543e-05	48.1	0	0	>56.6	0	0	>56.6
CACCG	CpH	187985	615	3.272e-03	24.9	331	1.761e-03	27.5	153	8.139e-04	30.9	52	2.766e-04	35.6	6	3.192e-05	45.0	0	0	>52.7	0	0	>52.7	0	0	>52.7
GACCC	CpH	294503	2202	7.477e-03	21.3	1376	4.672e-03	23.3	779	2.645e-03	25.8	307	1.042e-03	29.8	70	2.377e-04	36.2	13	4.414e-05	43.6	0	0	>54.7	0	0	>54.7
TGCAT	CpH	385963	5959	1.544e-02	18.1	3592	9.307e-03	20.3	1888	4.892e-03	23.1	711	1.842e-03	27.3	124	3.213e-04	34.9	15	3.886e-05	44.1	0	0	>55.9	0	0	>55.9
GGCAC	CpH	374177	5172	1.382e-02	18.6	2995	8.004e-03	21.0	1544	4.126e-03	23.8	557	1.489e-03	28.3	100	2.673e-04	35.7	17	4.543e-05	43.4	2	5.345e-06	52.7	0	0	>55.7
TTAGA	A	270874	2814	1.039e-02	19.8	1763	6.509e-03	21.9	972	3.588e-03	24.5	418	1.543e-03	28.1	73	2.695e-04	35.7	4	1.477e-05	48.3	0	0	>54.3	0	0	>54.3
AACGA	CpG	130473	1282	9.826e-03	20.1	789	6.047e-03	22.2	443	3.395e-03	24.7	215	1.648e-03	27.8	69	5.288e-04	32.8	29	2.223e-04	36.5	9	6.898e-05	41.6	4	3.066e-05	45.1
AGCGC	CpG	197687	3124	1.580e-02	18.0	1856	9.389e-03	20.3	997	5.043e-03	23.0	381	1.927e-03	27.2	68	3.440e-04	34.6	13	6.576e-05	41.8	0	0	>53.0	0	0	>53.0
TTATC	A	306695	1594	5.197e-03	22.8	937	3.055e-03	25.1	471	1.536e-03	28.1	169	5.510e-04	32.6	18	5.869e-05	42.3	4	1.304e-05	48.8	0	0	>54.9	0	0	>54.9
ACAAT	A	377723	1272	3.368e-03	24.7	743	1.967e-03	27.1	392	1.038e-03	29.8	163	4.315e-04	33.6	29	7.678e-05	41.1	4	1.059e-05	49.8	0	0	>55.8	0	0	>55.8
TACAA	CpH	440264	2241	5.090e-03	22.9	1231	2.796e-03	25.5	599	1.361e-03	28.7	215	4.883e-04	33.1	23	5.224e-05	42.8	1	2.271e-06	56.4	0	0	>56.4	0	0	>56.4
AGCCT	CpH	593807	6154	1.036e-02	19.8	3721	6.266e-03	22.0	2081	3.505e-03	24.6	811	1.366e-03	28.6	159	2.678e-04	35.7	30	5.052e-05	43.0	2	3.368e-06	54.7	1	1.684e-06	57.7
CGATA	A	81932	746	9.105e-03	20.4	418	5.102e-03	22.9	205	2.502e-03	26.0	76	9.276e-04	30.3	9	1.098e-04	39.6	1	1.221e-05	49.1	0	0	>49.1	0	0	>49.1
CCCTG	CpH	512162	6408	1.251e-02	19.0	3924	7.662e-03	21.2	2147	4.192e-03	23.8	842	1.644e-03	27.8	147	2.870e-04	35.4	15	2.929e-05	45.3	0	0	>57.1	0	0	>57.1
AACTC	CpH	339641	4488	1.321e-02	18.8	2724	8.020e-03	21.0	1635	4.814e-03	23.2	859	2.529e-03	26.0	325	9.569e-04	30.2	125	3.680e-04	34.3	31	9.127e-05	40.4	13	3.828e-05	44.2
GACGT	CpG	151177	1772	1.172e-02	19.3	1034	6.840e-03	21.6	508	3.360e-03	24.7	178	1.177e-03	29.3	24	1.588e-04	38.0	3	1.984e-05	47.0	0	0	>51.8	0	0	>51.8
TCCGA	CpG	120852	2161	1.788e-02	17.5	1196	9.896e-03	20.0	587	4.857e-03	23.1	206	1.705e-03	27.7	29	2.400e-04	36.2	1	8.275e-06	50.8	0	0	>50.8	0	0	>50.8
TGACG	A	195680	743	3.797e-03	24.2	401	2.049e-03	26.9	187	9.556e-04	30.2	47	2.402e-04	36.2	6	3.066e-05	45.1	0	0	>52.9	0	0	>52.9	0	0	>52.9
AAATT	A	588284	3866	6.572e-03	21.8	2298	3.906e-03	24.1	1201	2.042e-03	26.9	432	7.343e-04	31.3	60	1.020e-04	39.9	5	8.499e-06	50.7	2	3.400e-06	54.7	2	3.400e-06	54.7
TTCTT	CpH	1107198	57994	5.238e-02	12.8	38979	3.521e-02	14.5	23844	2.154e-02	16.7	10827	9.779e-03	20.1	2386	2.155e-03	26.7	309	2.791e-04	35.5	13	1.174e-05	49.3	1	9.032e-07	60.4
AGCAC	CpH	450919	6398	1.419e-02	18.5	3672	8.143e-03	20.9	1849	4.101e-03	23.9	616	1.366e-03	28.6	86	1.907e-04	37.2	16	3.548e-05	44.5	0	0	>56.5	0	0	>56.5
ACACC	A	389389	1703	4.374e-03	23.6	954	2.450e-03	26.1	511	1.312e-03	28.8	189	4.854e-04	33.1	36	9.245e-05	40.3	4	1.027e-05	49.9	0	0	>55.9	0	0	>55.9
CTCTC	CpH	496643	10110	2.036e-02	16.9	5800	1.168e-02	19.3	2871	5.781e-03	22.4	891	1.794e-03	27.5	69	1.389e-04	38.6	4	8.054e-06	50.9	0	0	>57.0	0	0	>57.0
TACTG	CpH	349588	4356	1.246e-02	19.0	2651	7.583e-03	21.2	1530	4.377e-03	23.6	754	2.157e-03	26.7	287	8.210e-04	30.9	98	2.803e-04	35.5	3	8.582e-06	50.7	0	0	>55.4
ATCGT	CpG	137813	2490	1.807e-02	17.4	1540	1.117e-02	19.5	847	6.146e-03	22.1	364	2.641e-03	25.8	80	5.805e-04	32.4	10	7.256e-05	41.4	3	2.177e-05	46.6	2	1.451e-05	48.4
GAAGG	A	675994	5948	8.799e-03	20.6	4025	5.954e-03	22.3	2613	3.865e-03	24.1	1526	2.257e-03	26.5	724	1.071e-03	29.7	381	5.636e-04	32.5	170	2.515e-04	36.0	116	1.716e-04	37.7
CGAAG	A	182519	1959	1.073e-02	19.7	1277	6.997e-03	21.6	771	4.224e-03	23.7	383	2.098e-03	26.8	118	6.465e-04	31.9	43	2.356e-04	36.3	15	8.218e-05	40.9	5	2.739e-05	45.6
GTACT	A	265252	735	2.771e-03	25.6	398	1.500e-03	28.2	216	8.143e-04	30.9	83	3.129e-04	35.0	15	5.655e-05	42.5	0	0	>54.2	0	0	>54.2	0	0	>54.2
GGCGC	CpG	200057	3433	1.716e-02	17.7	2086	1.043e-02	19.8	1119	5.593e-03	22.5	476	2.379e-03	26.2	102	5.099e-04	32.9	20	9.997e-05	40.0	1	4.999e-06	53.0	0	0	>53.0
GTAGG	A	220069	710	3.226e-03	24.9	396	1.799e-03	27.4	199	9.043e-04	30.4	75	3.408e-04	34.7	9	4.090e-05	43.9	1	4.544e-06	53.4	0	0	>53.4	0	0	>53.4
TAACC	A	195813	456	2.329e-03	26.3	271	1.384e-03	28.6	158	8.069e-04	30.9	77	3.932e-04	34.1	17	8.682e-05	40.6	5	2.553e-05	45.9	0	0	>52.9	0	0	>52.9
CCATG	A	567830	2033	3.580e-03	24.5	1133	1.995e-03	27.0	560	9.862e-04	30.1	216	3.804e-04	34.2	50	8.805e-05	40.6	15	2.642e-05	45.8	3	5.283e-06	52.8	0	0	>57.5
CCAAT	A	344051	652	1.895e-03	27.2	371	1.078e-03	29.7	181	5.261e-04	32.8	59	1.715e-04	37.7	10	2.907e-05	45.4	1	2.907e-06	55.4	0	0	>55.4	0	0	>55.4
TCATT	A	544140	3061	5.625e-03	22.5	1554	2.856e-03	25.4	667	1.226e-03	29.1	157	2.885e-04	35.4	14	2.573e-05	45.9	0	0	>57.4	0	0	>57.4	0	0	>57.4
CGCCT	CpH	211729	1432	6.763e-03	21.7	822	3.882e-03	24.1	395	1.866e-03	27.3	156	7.368e-04	31.3	10	4.723e-05	43.3	3	1.417e-05	48.5	0	0	>53.3	0	0	>53.3
TCAAG	A	573793	5128	8.937e-03	20.5	3181	5.544e-03	22.6	1846	3.217e-03	24.9	794	1.384e-03	28.6	174	3.032e-04	35.2	26	4.531e-05	43.4	2	3.486e-06	54.6	0	0	>57.6
TGAGA	A	530427	5291	9.975e-03	20.0	3205	6.042e-03	22.2	1669	3.147e-03	25.0	665	1.254e-03	29.0	92	1.734e-04	37.6	5	9.426e-06	50.3	0	0	>57.2	0	0	>57.2
ATCCG	CpH	147371	1207	8.190e-03	20.9	731	4.960e-03	23.0	382	2.592e-03	25.9	163	1.106e-03	29.6	44	2.986e-04	35.2	10	6.786e-05	41.7	0	0	>51.7	0	0	>51.7
TGCTG	CpH	898151	12586	1.401e-02	18.5	7844	8.733e-03	20.6	4505	5.016e-03	23.0	2062	2.296e-03	26.4	738	8.217e-04	30.9	270	3.006e-04	35.2	36	4.008e-05	44.0	6	6.680e-06	51.8
ATACT	A	275776	1983	7.191e-03	21.4	1236	4.482e-03	23.5	686	2.488e-03	26.0	304	1.102e-03	29.6	82	2.973e-04	35.3	11	3.989e-05	44.0	1	3.626e-06	54.4	0	0	>54.4
GCCAC	CpH	501964	4288	8.542e-03	20.7	2594	5.168e-03	22.9	1404	2.797e-03	25.5	556	1.108e-03	29.6	78	1.554e-04	38.1	3	5.977e-06	52.2	0	0	>57.0	0	0	>57.0
CTAAT	A	206804	1470	7.108e-03	21.5	923	4.463e-03	23.5	551	2.664e-03	25.7	271	1.310e-03	28.8	81	3.917e-04	34.1	27	1.306e-04	38.8	4	1.934e-05	47.1	2	9.671e-06	50.1
CACAA	CpH	445036	2550	5.730e-03	22.4	1383	3.108e-03	25.1	653	1.467e-03	28.3	249	5.595e-04	32.5	43	9.662e-05	40.1	4	8.988e-06	50.5	0	0	>56.5	0	0	>56.5
ATATA	A	282217	2890	1.024e-02	19.9	1852	6.562e-03	21.8	1061	3.760e-03	24.2	467	1.655e-03	27.8	99	3.508e-04	34.5	21	7.441e-05	41.3	3	1.063e-05	49.7	2	7.087e-06	51.5
GGACC	A	364648	1343	3.683e-03	24.3	727	1.994e-03	27.0	302	8.282e-04	30.8	90	2.468e-04	36.1	8	2.194e-05	46.6	1	2.742e-06	55.6	0	0	>55.6	0	0	>55.6
GTCGT	CpG	125842	1801	1.431e-02	18.4	1070	8.503e-03	20.7	572	4.545e-03	23.4	234	1.859e-03	27.3	52	4.132e-04	33.8	6	4.768e-05	43.2	0	0	>51.0	0	0	>51.0
TAAGA	A	314823	1672	5.311e-03	22.7	1043	3.313e-03	24.8	592	1.880e-03	27.3	263	8.354e-04	30.8	63	2.001e-04	37.0	7	2.223e-05	46.5	1	3.176e-06	55.0	0	0	>55.0
GTATT	A	292081	1172	4.013e-03	24.0	675	2.311e-03	26.4	363	1.243e-03	29.1	127	4.348e-04	33.6	20	6.847e-05	41.6	3	1.027e-05	49.9	1	3.424e-06	54.7	0	0	>54.7
TTCCT	CpH	680500	18674	2.744e-02	15.6	11969	1.759e-02	17.5	6793	9.982e-03	20.0	2935	4.313e-03	23.7	621	9.126e-04	30.4	96	1.411e-04	38.5	4	5.878e-06	52.3	0	0	>58.3
ATAGC	A	232720	1190	5.113e-03	22.9	689	2.961e-03	25.3	368	1.581e-03	28.0	154	6.617e-04	31.8	38	1.633e-04	37.9	9	3.867e-05	44.1	1	4.297e-06	53.7	0	0	>53.7
ACATG	A	413616	1071	2.589e-03	25.9	559	1.351e-03	28.7	293	7.084e-04	31.5	93	2.248e-04	36.5	11	2.659e-05	45.8	2	4.835e-06	53.2	0	0	>56.2	0	0	>56.2
CCAGT	A	549415	1708	3.109e-03	25.1	870	1.584e-03	28.0	372	6.771e-04	31.7	79	1.438e-04	38.4	7	1.274e-05	48.9	0	0	>57.4	0	0	>57.4	0	0	>57.4
CTCCG	CpH	192511	2344	1.218e-02	19.1	1368	7.106e-03	21.5	715	3.714e-03	24.3	248	1.288e-03	28.9	42	2.182e-04	36.6	0	0	>52.8	0	0	>52.8	0	0	>52.8
GGATA	A	255458	1475	5.774e-03	22.4	851	3.331e-03	24.8	411	1.609e-03	27.9	130	5.089e-04	32.9	9	3.523e-05	44.5	0	0	>54.1	0	0	>54.1	0	0	>54.1
AAACT	A	502182	1896	3.776e-03	24.2	1118	2.226e-03	26.5	609	1.213e-03	29.2	239	4.759e-04	33.2	37	7.368e-05	41.3	6	1.195e-05	49.2	1	1.991e-06	57.0	0	0	>57.0
GTCCC	CpH	287381	3531	1.229e-02	19.1	2103	7.318e-03	21.4	1115	3.880e-03	24.1	385	1.340e-03	28.7	67	2.331e-04	36.3	3	1.044e-05	49.8	0	0	>54.6	0	0	>54.6
TAATA	A	266183	1218	4.576e-03	23.4	710	2.667e-03	25.7	384	1.443e-03	28.4	160	6.011e-04	32.2	38	1.428e-04	38.5	8	3.005e-05	45.2	0	0	>54.3	0	0	>54.3
AGAAA	A	833001	12130	1.456e-02	18.4	9636	1.157e-02	19.4	7707	9.252e-03	20.3	5806	6.970e-03	21.6	4030	4.838e-03	23.2	2845	3.415e-03	24.7	1739	2.088e-03	26.8	1295	1.555e-03	28.1
GTCTC	CpH	374869	4210	1.123e-02	19.5	2369	6.320e-03	22.0	1158	3.089e-03	25.1	372	9.923e-04	30.0	36	9.603e-05	40.2	1	2.668e-06	55.7	0	0	>55.7	0	0	>55.7
ACCAC	CpH	508226	3614	7.111e-03	21.5	2146	4.223e-03	23.7	1161	2.284e-03	26.4	438	8.618e-04	30.6	77	1.515e-04	38.2	11	2.164e-05	46.6	0	0	>57.1	0	0	>57.1
GGAGA	A	681424	5206	7.640e-03	21.2	3100	4.549e-03	23.4	1676	2.460e-03	26.1	611	8.967e-04	30.5	100	1.468e-04	38.3	7	1.027e-05	49.9	0	0	>58.3	0	0	>58.3
CCCGG	CpG	190601	3452	1.811e-02	17.4	2118	1.111e-02	19.5	1168	6.128e-03	22.1	460	2.413e-03	26.2	77	4.040e-04	33.9	8	4.197e-05	43.8	0	0	>52.8	0	0	>52.8
GACAT	CpH	385045	4473	1.162e-02	19.3	2575	6.688e-03	21.7	1312	3.407e-03	24.7	437	1.135e-03	29.5	52	1.350e-04	38.7	4	1.039e-05	49.8	0	0	>55.9	0	0	>55.9
GTAAA	A	293800	1200	4.084e-03	23.9	723	2.461e-03	26.1	396	1.348e-03	28.7	172	5.854e-04	32.3	39	1.327e-04	38.8	5	1.702e-05	47.7	0	0	>54.7	0	0	>54.7
GGCCT	CpH	538020	5276	9.806e-03	20.1	3248	6.037e-03	22.2	1807	3.359e-03	24.7	744	1.383e-03	28.6	141	2.621e-04	35.8	22	4.089e-05	43.9	2	3.717e-06	54.3	0	0	>57.3
TGCCG	CpH	204915	1381	6.739e-03	21.7	804	3.924e-03	24.1	427	2.084e-03	26.8	167	8.150e-04	30.9	24	1.171e-04	39.3	3	1.464e-05	48.3	0	0	>53.1	0	0	>53.1
ACAGT	A	471216	1488	3.158e-03	25.0	783	1.662e-03	27.8	344	7.300e-04	31.4	116	2.462e-04	36.1	16	3.395e-05	44.7	1	2.122e-06	56.7	0	0	>56.7	0	0	>56.7
TCAGA	A	641155	8951	1.396e-02	18.6	5646	8.806e-03	20.6	3121	4.868e-03	23.1	1171	1.826e-03	27.4	169	2.636e-04	35.8	15	2.340e-05	46.3	0	0	>58.1	0	0	>58.1
CAAAC	A	448237	1855	4.138e-03	23.8	1080	2.409e-03	26.2	612	1.365e-03	28.6	246	5.488e-04	32.6	45	1.004e-04	40.0	8	1.785e-05	47.5	0	0	>56.5	0	0	>56.5
CCCCA	CpH	473448	8845	1.868e-02	17.3	5454	1.152e-02	19.4	3080	6.505e-03	21.9	1253	2.647e-03	25.8	234	4.942e-04	33.1	23	4.858e-05	43.1	0	0	>56.8	0	0	>56.8
AAAGG	A	506994	4461	8.799e-03	20.6	2796	5.515e-03	22.6	1546	3.049e-03	25.2	643	1.268e-03	29.0	115	2.268e-04	36.4	12	2.367e-05	46.3	0	0	>57.1	0	0	>57.1
ATCTG	CpH	568102	8744	1.539e-02	18.1	5519	9.715e-03	20.1	3044	5.358e-03	22.7	1180	2.077e-03	26.8	231	4.066e-04	33.9	26	4.577e-05	43.4	0	0	>57.5	0	0	>57.5
GCACC	A	368702	1380	3.743e-03	24.3	798	2.164e-03	26.6	386	1.047e-03	29.8	145	3.933e-04	34.1	16	4.340e-05	43.6	2	5.424e-06	52.7	0	0	>55.7	0	0	>55.7
CGCAG	CpH	213211	1681	7.884e-03	21.0	980	4.596e-03	23.4	558	2.617e-03	25.8	255	1.196e-03	29.2	80	3.752e-04	34.3	21	9.849e-05	40.1	2	9.380e-06	50.3	2	9.380e-06	50.3
TGATA	A	341809	2521	7.375e-03	21.3	1435	4.198e-03	23.8	722	2.112e-03	26.8	236	6.904e-04	31.6	31	9.069e-05	40.4	2	5.851e-06	52.3	0	0	>55.3	0	0	>55.3
CTCGT	CpG	159281	2652	1.665e-02	17.8	1492	9.367e-03	20.3	724	4.545e-03	23.4	218	1.369e-03	28.6	25	1.570e-04	38.0	1	6.278e-06	52.0	0	0	>52.0	0	0	>52.0
CCACG	A	236746	754	3.185e-03	25.0	428	1.808e-03	27.4	229	9.673e-04	30.1	86	3.633e-04	34.4	17	7.181e-05	41.4	1	4.224e-06	53.7	0	0	>53.7	0	0	>53.7
GGCTT	CpH	485663	9771	2.012e-02	17.0	6399	1.318e-02	18.8	3932	8.096e-03	20.9	1912	3.937e-03	24.0	679	1.398e-03	28.5	267	5.498e-04	32.6	64	1.318e-04	38.8	27	5.559e-05	42.5
TTCGG	CpG	155463	3035	1.952e-02	17.1	1844	1.186e-02	19.3	1023	6.580e-03	21.8	455	2.927e-03	25.3	109	7.011e-04	31.5	37	2.380e-04	36.2	8	5.146e-05	42.9	4	2.573e-05	45.9
TTAAT	A	326354	1885	5.776e-03	22.4	1122	3.438e-03	24.6	620	1.900e-03	27.2	258	7.906e-04	31.0	51	1.563e-04	38.1	8	2.451e-05	46.1	1	3.064e-06	55.1	0	0	>55.1
GCAGT	A	430013	1025	2.384e-03	26.2	533	1.239e-03	29.1	226	5.256e-04	32.8	63	1.465e-04	38.3	8	1.860e-05	47.3	1	2.326e-06	56.3	0	0	>56.3	0	0	>56.3
AACAT	CpH	507582	6198	1.221e-02	19.1	3736	7.360e-03	21.3	2016	3.972e-03	24.0	764	1.505e-03	28.2	180	3.546e-04	34.5	37	7.289e-05	41.4	4	7.881e-06	51.0	1	1.970e-06	57.1
GACTA	CpH	202841	2483	1.224e-02	19.1	1588	7.829e-03	21.1	977	4.817e-03	23.2	497	2.450e-03	26.1	215	1.060e-03	29.7	90	4.437e-04	33.5	28	1.380e-04	38.6	17	8.381e-05	40.8
TACCG	CpH	102705	390	3.797e-03	24.2	213	2.074e-03	26.8	117	1.139e-03	29.4	39	3.797e-04	34.2	6	5.842e-05	42.3	0	0	>50.1	0	0	>50.1	0	0	>50.1
TCACC	A	476519	2647	5.555e-03	22.6	1528	3.207e-03	24.9	818	1.717e-03	27.7	306	6.422e-04	31.9	51	1.070e-04	39.7	3	6.296e-06	52.0	0	0	>56.8	0	0	>56.8
ATCAC	CpH	383087	5055	1.320e-02	18.8	3085	8.053e-03	20.9	1639	4.278e-03	23.7	607	1.584e-03	28.0	106	2.767e-04	35.6	17	4.438e-05	43.5	1	2.610e-06	55.8	0	0	>55.8
CGCTC	CpH	167947	2254	1.342e-02	18.7	1342	7.991e-03	21.0	733	4.364e-03	23.6	319	1.899e-03	27.2	92	5.478e-04	32.6	19	1.131e-04	39.5	0	0	>52.3	0	0	>52.3
ACAAA	A	593270	4504	7.592e-03	21.2	2803	4.725e-03	23.3	1606	2.707e-03	25.7	705	1.188e-03	29.3	154	2.596e-04	35.9	21	3.540e-05	44.5	0	0	>57.7	0	0	>57.7
AACCC	CpH	248694	1680	6.755e-03	21.7	993	3.993e-03	24.0	545	2.191e-03	26.6	239	9.610e-04	30.2	54	2.171e-04	36.6	14	5.629e-05	42.5	4	1.608e-05	47.9	3	1.206e-05	49.2
TTACC	A	229032	1678	7.326e-03	21.4	944	4.122e-03	23.8	486	2.122e-03	26.7	163	7.117e-04	31.5	34	1.485e-04	38.3	0	0	>53.6	0	0	>53.6	0	0	>53.6
CAAGC	A	455728	1444	3.169e-03	25.0	870	1.909e-03	27.2	467	1.025e-03	29.9	160	3.511e-04	34.5	27	5.925e-05	42.3	2	4.389e-06	53.6	0	0	>56.6	0	0	>56.6
AGCCA	CpH	701308	4815	6.866e-03	21.6	2948	4.204e-03	23.8	1725	2.460e-03	26.1	737	1.051e-03	29.8	141	2.011e-04	37.0	21	2.994e-05	45.2	2	2.852e-06	55.4	1	1.426e-06	58.5
GCCGG	CpG	193568	2863	1.479e-02	18.3	1870	9.661e-03	20.1	1136	5.869e-03	22.3	549	2.836e-03	25.5	133	6.871e-04	31.6	20	1.033e-04	39.9	2	1.033e-05	49.9	0	0	>52.9
AGACG	A	189029	376	1.989e-03	27.0	222	1.174e-03	29.3	107	5.661e-04	32.5	32	1.693e-04	37.7	6	3.174e-05	45.0	0	0	>52.8	0	0	>52.8	0	0	>52.8
TACAT	CpH	335789	4130	1.230e-02	19.1	2340	6.969e-03	21.6	1120	3.335e-03	24.8	354	1.054e-03	29.8	33	9.828e-05	40.1	4	1.191e-05	49.2	0	0	>55.3	0	0	>55.3
GACGA	CpG	173800	1518	8.734e-03	20.6	861	4.954e-03	23.1	433	2.491e-03	26.0	130	7.480e-04	31.3	21	1.208e-04	39.2	3	1.726e-05	47.6	0	0	>52.4	0	0	>52.4
TCCGT	CpG	135814	1864	1.372e-02	18.6	1062	7.820e-03	21.1	539	3.969e-03	24.0	180	1.325e-03	28.8	40	2.945e-04	35.3	5	3.682e-05	44.3	0	0	>51.3	0	0	>51.3
CGATT	A	95296	743	7.797e-03	21.1	412	4.323e-03	23.6	204	2.141e-03	26.7	71	7.450e-04	31.3	7	7.346e-05	41.3	0	0	>49.8	0	0	>49.8	0	0	>49.8
ACCTC	CpH	466590	7941	1.702e-02	17.7	5036	1.079e-02	19.7	2838	6.082e-03	22.2	1156	2.478e-03	26.1	213	4.565e-04	33.4	55	1.179e-04	39.3	7	1.500e-05	48.2	3	6.430e-06	51.9
GAATA	A	289525	1402	4.842e-03	23.1	775	2.677e-03	25.7	385	1.330e-03	28.8	126	4.352e-04	33.6	21	7.253e-05	41.4	2	6.908e-06	51.6	1	3.454e-06	54.6	0	0	>54.6
TCCAA	CpH	370488	3894	1.051e-02	19.8	2418	6.527e-03	21.9	1297	3.501e-03	24.6	507	1.368e-03	28.6	66	1.781e-04	37.5	4	1.080e-05	49.7	0	0	>55.7	0	0	>55.7
CTAGC	A	167179	1105	6.610e-03	21.8	694	4.151e-03	23.8	409	2.446e-03	26.1	200	1.196e-03	29.2	64	3.828e-04	34.2	20	1.196e-04	39.2	9	5.383e-05	42.7	4	2.393e-05	46.2
TACGA	CpG	106596	978	9.175e-03	20.4	556	5.216e-03	22.8	275	2.580e-03	25.9	103	9.663e-04	30.1	20	1.876e-04	37.3	2	1.876e-05	47.3	0	0	>50.3	0	0	>50.3
GAACT	A	445143	1606	3.608e-03	24.4	880	1.977e-03	27.0	427	9.592e-04	30.2	128	2.875e-04	35.4	14	3.145e-05	45.0	2	4.493e-06	53.5	0	0	>56.5	0	0	>56.5
GTCAC	CpH	325414	2966	9.115e-03	20.4	1717	5.276e-03	22.8	881	2.707e-03	25.7	323	9.926e-04	30.0	36	1.106e-04	39.6	3	9.219e-06	50.4	0	0	>55.1	0	0	>55.1
TGCGG	CpG	223483	3098	1.386e-02	18.6	1785	7.987e-03	21.0	899	4.023e-03	24.0	352	1.575e-03	28.0	66	2.953e-04	35.3	12	5.370e-05	42.7	0	0	>53.5	0	0	>53.5
CCAAA	A	530500	3910	7.370e-03	21.3	2458	4.633e-03	23.3	1396	2.631e-03	25.8	561	1.057e-03	29.8	111	2.092e-04	36.8	13	2.451e-05	46.1	0	0	>57.2	0	0	>57.2
AGCGG	CpG	210691	3838	1.822e-02	17.4	2368	1.124e-02	19.5	1317	6.251e-03	22.0	523	2.482e-03	26.1	108	5.126e-04	32.9	13	6.170e-05	42.1	0	0	>53.2	0	0	>53.2
GGCAG	CpH	689725	9524	1.381e-02	18.6	5903	8.558e-03	20.7	3272	4.744e-03	23.2	1422	2.062e-03	26.9	347	5.031e-04	33.0	83	1.203e-04	39.2	7	1.015e-05	49.9	5	7.249e-06	51.4
TCATA	A	338690	2496	7.370e-03	21.3	1555	4.591e-03	23.4	898	2.651e-03	25.8	381	1.125e-03	29.5	106	3.130e-04	35.0	23	6.791e-05	41.7	3	8.858e-06	50.5	0	0	>55.3
ACCGC	CpG	145382	1167	8.027e-03	21.0	672	4.622e-03	23.4	350	2.407e-03	26.2	141	9.699e-04	30.1	20	1.376e-04	38.6	1	6.878e-06	51.6	0	0	>51.6	0	0	>51.6
GACCG	CpH	129364	645	4.986e-03	23.0	401	3.100e-03	25.1	194	1.500e-03	28.2	75	5.798e-04	32.4	12	9.276e-05	40.3	1	7.730e-06	51.1	0	0	>51.1	0	0	>51.1
CGCCA	CpH	264832	966	3.648e-03	24.4	529	1.997e-03	27.0	257	9.704e-04	30.1	76	2.870e-04	35.4	13	4.909e-05	43.1	1	3.776e-06	54.2	0	0	>54.2	0	0	>54.2
CACCC	CpH	370135	2498	6.749e-03	21.7	1518	4.101e-03	23.9	816	2.205e-03	26.6	333	8.997e-04	30.5	61	1.648e-04	37.8	10	2.702e-05	45.7	0	0	>55.7	0	0	>55.7
CTATC	A	203241	1696	8.345e-03	20.8	1065	5.240e-03	22.8	655	3.223e-03	24.9	316	1.555e-03	28.1	113	5.560e-04	32.5	39	1.919e-04	37.2	12	5.904e-05	42.3	6	2.952e-05	45.3
TGAGT	A	333799	4591	1.375e-02	18.6	2715	8.134e-03	20.9	1376	4.122e-03	23.8	486	1.456e-03	28.4	54	1.618e-04	37.9	5	1.498e-05	48.2	0	0	>55.2	0	0	>55.2
ATAAA	A	467800	3757	8.031e-03	21.0	2408	5.147e-03	22.9	1432	3.061e-03	25.1	671	1.434e-03	28.4	176	3.762e-04	34.2	41	8.764e-05	40.6	5	1.069e-05	49.7	0	0	>56.7
TTATG	A	299218	1679	5.611e-03	22.5	976	3.262e-03	24.9	540	1.805e-03	27.4	201	6.718e-04	31.7	35	1.170e-04	39.3	7	2.339e-05	46.3	1	3.342e-06	54.8	0	0	>54.8
CACTA	CpH	216236	2505	1.158e-02	19.4	1586	7.335e-03	21.3	964	4.458e-03	23.5	520	2.405e-03	26.2	188	8.694e-04	30.6	65	3.006e-04	35.2	8	3.700e-05	44.3	3	1.387e-05	48.6
TGACC	A	458255	1644	3.588e-03	24.5	900	1.964e-03	27.1	427	9.318e-04	30.3	115	2.510e-04	36.0	15	3.273e-05	44.9	1	2.182e-06	56.6	0	0	>56.6	0	0	>56.6
CTACA	A	434508	3450	7.940e-03	21.0	2202	5.068e-03	23.0	1312	3.020e-03	25.2	604	1.390e-03	28.6	211	4.856e-04	33.1	68	1.565e-04	38.1	23	5.293e-05	42.8	13	2.992e-05	45.2
CCCTC	CpH	409275	8946	2.186e-02	16.6	5528	1.351e-02	18.7	2958	7.227e-03	21.4	1134	2.771e-03	25.6	188	4.593e-04	33.4	21	5.131e-05	42.9	0	0	>56.1	0	0	>56.1
AACTG	CpH	523926	5857	1.118e-02	19.5	3683	7.030e-03	21.5	2228	4.253e-03	23.7	1245	2.376e-03	26.2	636	1.214e-03	29.2	345	6.585e-04	31.8	118	2.252e-04	36.5	67	1.279e-04	38.9
CGACT	A	120938	525	4.341e-03	23.6	285	2.357e-03	26.3	132	1.091e-03	29.6	50	4.134e-04	33.8	6	4.961e-05	43.0	0	0	>50.8	0	0	>50.8	0	0	>50.8
AAAAC	A	546493	2951	5.400e-03	22.7	1775	3.248e-03	24.9	907	1.660e-03	27.8	358	6.551e-04	31.8	62	1.135e-04	39.5	11	2.013e-05	47.0	1	1.830e-06	57.4	0	0	>57.4
ACCCA	CpH	418244	6675	1.596e-02	18.0	4340	1.038e-02	19.8	2519	6.023e-03	22.2	1150	2.750e-03	25.6	277	6.623e-04	31.8	54	1.291e-04	38.9	4	9.564e-06	50.2	0	0	>56.2
GAACG	A	137700	283	2.055e-03	26.9	153	1.111e-03	29.5	70	5.084e-04	32.9	23	1.670e-04	37.8	0	0	>51.4	0	0	>51.4	0	0	>51.4	0	0	>51.4
TTCAC	CpH	483869	10790	2.230e-02	16.5	6718	1.388e-02	18.6	3726	7.700e-03	21.1	1517	3.135e-03	25.0	292	6.035e-04	32.2	49	1.013e-04	39.9	0	0	>56.8	0	0	>56.8
CACGA	CpG	182791	2463	1.347e-02	18.7	1406	7.692e-03	21.1	699	3.824e-03	24.2	249	1.362e-03	28.7	46	2.517e-04	36.0	10	5.471e-05	42.6	0	0	>52.6	0	0	>52.6
TGCGT	CpG	106604	2910	2.730e-02	15.6	1743	1.635e-02	17.9	936	8.780e-03	20.6	398	3.733e-03	24.3	73	6.848e-04	31.6	14	1.313e-04	38.8	1	9.381e-06	50.3	1	9.381e-06	50.3
CGCGC	CpG	97273	1346	1.384e-02	18.6	774	7.957e-03	21.0	358	3.680e-03	24.3	132	1.357e-03	28.7	21	2.159e-04	36.7	1	1.028e-05	49.9	0	0	>49.9	0	0	>49.9
TGCAA	CpH	407113	3607	8.860e-03	20.5	2006	4.927e-03	23.1	1039	2.552e-03	25.9	371	9.113e-04	30.4	73	1.793e-04	37.5	16	3.930e-05	44.1	4	9.825e-06	50.1	2	4.913e-06	53.1
GCAAT	A	315233	560	1.776e-03	27.5	343	1.088e-03	29.6	174	5.520e-04	32.6	64	2.030e-04	36.9	15	4.758e-05	43.2	3	9.517e-06	50.2	0	0	>55.0	0	0	>55.0
TTAGT	A	207733	1813	8.728e-03	20.6	1112	5.353e-03	22.7	631	3.038e-03	25.2	252	1.213e-03	29.2	55	2.648e-04	35.8	8	3.851e-05	44.1	1	4.814e-06	53.2	1	4.814e-06	53.2
ATCCC	CpH	297416	4518	1.519e-02	18.2	2822	9.488e-03	20.2	1554	5.225e-03	22.8	637	2.142e-03	26.7	128	4.304e-04	33.7	21	7.061e-05	41.5	1	3.362e-06	54.7	0	0	>54.7
AACGT	CpG	128453	1453	1.131e-02	19.5	882	6.866e-03	21.6	482	3.752e-03	24.3	213	1.658e-03	27.8	66	5.138e-04	32.9	21	1.635e-04	37.9	5	3.892e-05	44.1	2	1.557e-05	48.1
TAACG	A	65931	218	3.306e-03	24.8	135	2.048e-03	26.9	69	1.047e-03	29.8	28	4.247e-04	33.7	10	1.517e-04	38.2	1	1.517e-05	48.2	0	0	>48.2	0	0	>48.2
CAACT	A	395026	724	1.833e-03	27.4	407	1.030e-03	29.9	196	4.962e-04	33.0	82	2.076e-04	36.8	10	2.531e-05	46.0	1	2.531e-06	56.0	0	0	>56.0	0	0	>56.0
CCATC	A	594577	1701	2.861e-03	25.4	985	1.657e-03	27.8	499	8.393e-04	30.8	186	3.128e-04	35.0	27	4.541e-05	43.4	5	8.409e-06	50.8	0	0	>57.7	0	0	>57.7
TCAAC	A	383251	1674	4.368e-03	23.6	992	2.588e-03	25.9	485	1.265e-03	29.0	170	4.436e-04	33.5	26	6.784e-05	41.7	2	5.219e-06	52.8	0	0	>55.8	0	0	>55.8
GTAGC	A	246872	611	2.475e-03	26.1	300	1.215e-03	29.2	117	4.739e-04	33.2	35	1.418e-04	38.5	7	2.835e-05	45.5	1	4.051e-06	53.9	0	0	>53.9	0	0	>53.9
CAATT	A	362987	1351	3.722e-03	24.3	675	1.860e-03	27.3	313	8.623e-04	30.6	100	2.755e-04	35.6	11	3.030e-05	45.2	1	2.755e-06	55.6	0	0	>55.6	0	0	>55.6
TACTA	CpH	202862	2044	1.008e-02	20.0	1276	6.290e-03	22.0	785	3.870e-03	24.1	392	1.932e-03	27.1	152	7.493e-04	31.3	59	2.908e-04	35.4	6	2.958e-05	45.3	1	4.929e-06	53.1
CCCAC	CpH	426893	7385	1.730e-02	17.6	4391	1.029e-02	19.9	2241	5.250e-03	22.8	763	1.787e-03	27.5	109	2.553e-04	35.9	9	2.108e-05	46.8	0	0	>56.3	0	0	>56.3
GAAGA	A	956937	8859	9.258e-03	20.3	6041	6.313e-03	22.0	3951	4.129e-03	23.8	2289	2.392e-03	26.2	1027	1.073e-03	29.7	538	5.622e-04	32.5	247	2.581e-04	35.9	159	1.662e-04	37.8
CGAAA	A	124944	2489	1.992e-02	17.0	1767	1.414e-02	18.5	1224	9.796e-03	20.1	746	5.971e-03	22.2	359	2.873e-03	25.4	160	1.281e-03	28.9	44	3.522e-04	34.5	26	2.081e-04	36.8
GGCTG	CpH	723165	13660	1.889e-02	17.2	8933	1.235e-02	19.1	5485	7.585e-03	21.2	2768	3.828e-03	24.2	1037	1.434e-03	28.4	448	6.195e-04	32.1	144	1.991e-04	37.0	78	1.079e-04	39.7
AAAGT	A	471769	5058	1.072e-02	19.7	3135	6.645e-03	21.8	1723	3.652e-03	24.4	729	1.545e-03	28.1	142	3.010e-04	35.2	22	4.663e-05	43.3	2	4.239e-06	53.7	1	2.120e-06	56.7
ATCTT	CpH	723555	18427	2.547e-02	15.9	11528	1.593e-02	18.0	6492	8.972e-03	20.5	2536	3.505e-03	24.6	467	6.454e-04	31.9	50	6.910e-05	41.6	2	2.764e-06	55.6	1	1.382e-06	58.6
TTCGT	CpG	151814	5048	3.325e-02	14.8	3253	2.143e-02	16.7	1919	1.264e-02	19.0	864	5.691e-03	22.4	201	1.324e-03	28.8	43	2.832e-04	35.5	5	3.294e-05	44.8	2	1.317e-05	48.8
GCATA	A	223312	992	4.442e-03	23.5	595	2.664e-03	25.7	347	1.554e-03	28.1	133	5.956e-04	32.3	25	1.120e-04	39.5	5	2.239e-05	46.5	0	0	>53.5	0	0	>53.5
CCACT	A	456146	3437	7.535e-03	21.2	1973	4.325e-03	23.6	989	2.168e-03	26.6	346	7.585e-04	31.2	48	1.052e-04	39.8	5	1.096e-05	49.6	0	0	>56.6	0	0	>56.6
CTCGG	CpG	232510	2091	8.993e-03	20.5	1170	5.032e-03	23.0	555	2.387e-03	26.2	162	6.967e-04	31.6	17	7.312e-05	41.4	1	4.301e-06	53.7	0	0	>53.7	0	0	>53.7
CGCAT	CpH	128087	1030	8.041e-03	20.9	592	4.622e-03	23.4	322	2.514e-03	26.0	140	1.093e-03	29.6	28	2.186e-04	36.6	4	3.123e-05	45.1	0	0	>51.1	0	0	>51.1
GTCTG	CpH	430530	5394	1.253e-02	19.0	3333	7.742e-03	21.1	1793	4.165e-03	23.8	705	1.638e-03	27.9	143	3.321e-04	34.8	23	5.342e-05	42.7	0	0	>56.3	0	0	>56.3
GCAGA	A	640265	2437	3.806e-03	24.2	1336	2.087e-03	26.8	644	1.006e-03	30.0	208	3.249e-04	34.9	14	2.187e-05	46.6	2	3.124e-06	55.1	0	0	>58.1	0	0	>58.1
TTAAA	A	478778	4405	9.201e-03	20.4	2794	5.836e-03	22.3	1589	3.319e-03	24.8	708	1.479e-03	28.3	162	3.384e-04	34.7	31	6.475e-05	41.9	1	2.089e-06	56.8	0	0	>56.8
AACAA	CpH	565185	3170	5.609e-03	22.5	1802	3.188e-03	25.0	872	1.543e-03	28.1	336	5.945e-04	32.3	51	9.024e-05	40.4	7	1.239e-05	49.1	1	1.769e-06	57.5	0	0	>57.5
CCCGC	CpG	175565	2685	1.529e-02	18.2	1533	8.732e-03	20.6	765	4.357e-03	23.6	273	1.555e-03	28.1	29	1.652e-04	37.8	4	2.278e-05	46.4	0	0	>52.4	0	0	>52.4
ACCAG	CpH	657360	6358	9.672e-03	20.1	4053	6.166e-03	22.1	2332	3.548e-03	24.5	1012	1.539e-03	28.1	194	2.951e-04	35.3	27	4.107e-05	43.9	1	1.521e-06	58.2	0	0	>58.2
GACTT	CpH	382144	6688	1.750e-02	17.6	4345	1.137e-02	19.4	2510	6.568e-03	21.8	1133	2.965e-03	25.3	317	8.295e-04	30.8	82	2.146e-04	36.7	6	1.570e-05	48.0	1	2.617e-06	55.8
ACATA	A	283786	1545	5.444e-03	22.6	966	3.404e-03	24.7	549	1.935e-03	27.1	218	7.682e-04	31.1	48	1.691e-04	37.7	4	1.410e-05	48.5	0	0	>54.5	0	0	>54.5
TAAGG	A	261252	1301	4.980e-03	23.0	823	3.150e-03	25.0	492	1.883e-03	27.3	232	8.880e-04	30.5	58	2.220e-04	36.5	13	4.976e-05	43.0	1	3.828e-06	54.2	0	0	>54.2
CTCCA	CpH	613726	9193	1.498e-02	18.2	5536	9.020e-03	20.4	2929	4.772e-03	23.2	1086	1.770e-03	27.5	138	2.249e-04	36.5	3	4.888e-06	53.1	0	0	>57.9	0	0	>57.9
GCCCT	CpH	432817	4031	9.313e-03	20.3	2517	5.815e-03	22.4	1442	3.332e-03	24.8	551	1.273e-03	29.0	95	2.195e-04	36.6	12	2.773e-05	45.6	0	0	>56.4	0	0	>56.4
AGAGT	A	324830	2749	8.463e-03	20.7	1650	5.080e-03	22.9	915	2.817e-03	25.5	363	1.118e-03	29.5	64	1.970e-04	37.1	8	2.463e-05	46.1	0	0	>55.1	0	0	>55.1
TGAAC	A	440591	3604	8.180e-03	20.9	2125	4.823e-03	23.2	1062	2.410e-03	26.2	360	8.171e-04	30.9	39	8.852e-05	40.5	1	2.270e-06	56.4	0	0	>56.4	0	0	>56.4
GGATG	A	591834	3273	5.530e-03	22.6	1796	3.035e-03	25.2	834	1.409e-03	28.5	248	4.190e-04	33.8	21	3.548e-05	44.5	0	0	>57.7	0	0	>57.7	0	0	>57.7
GGAAT	A	373883	1818	4.862e-03	23.1	1017	2.720e-03	25.7	515	1.377e-03	28.6	182	4.868e-04	33.1	31	8.291e-05	40.8	4	1.070e-05	49.7	1	2.675e-06	55.7	0	0	>55.7
AAAGC	A	490799	3150	6.418e-03	21.9	1794	3.655e-03	24.4	910	1.854e-03	27.3	336	6.846e-04	31.6	54	1.100e-04	39.6	8	1.630e-05	47.9	1	2.037e-06	56.9	0	0	>56.9
CAAAG	A	683533	7644	1.118e-02	19.5	4901	7.170e-03	21.4	2871	4.200e-03	23.8	1241	1.816e-03	27.4	248	3.628e-04	34.4	37	5.413e-05	42.7	1	1.463e-06	58.3	0	0	>58.3
ATCTC	CpH	489811	6575	1.342e-02	18.7	3768	7.693e-03	21.1	1849	3.775e-03	24.2	576	1.176e-03	29.3	74	1.511e-04	38.2	7	1.429e-05	48.4	0	0	>56.9	0	0	>56.9
GCACG	A	160168	477	2.978e-03	25.3	261	1.630e-03	27.9	138	8.616e-04	30.6	52	3.247e-04	34.9	11	6.868e-05	41.6	1	6.243e-06	52.0	0	0	>52.0	0	0	>52.0
CCACC	A	638981	3750	5.869e-03	22.3	2208	3.456e-03	24.6	1142	1.787e-03	27.5	405	6.338e-04	32.0	66	1.033e-04	39.9	7	1.095e-05	49.6	0	0	>58.1	0	0	>58.1
CGCAC	CpH	119452	828	6.932e-03	21.6	449	3.759e-03	24.2	218	1.825e-03	27.4	87	7.283e-04	31.4	23	1.925e-04	37.2	3	2.511e-05	46.0	0	0	>50.8	0	0	>50.8
TTCGC	CpG	116245	3902	3.357e-02	14.7	2479	2.133e-02	16.7	1423	1.224e-02	19.1	623	5.359e-03	22.7	147	1.265e-03	29.0	41	3.527e-04	34.5	4	3.441e-05	44.6	2	1.721e-05	47.6
TAATT	A	315673	1993	6.313e-03	22.0	1122	3.554e-03	24.5	560	1.774e-03	27.5	198	6.272e-04	32.0	42	1.330e-04	38.8	10	3.168e-05	45.0	1	3.168e-06	55.0	0	0	>55.0
TCACG	A	162554	637	3.919e-03	24.1	338	2.079e-03	26.8	176	1.083e-03	29.7	52	3.199e-04	34.9	12	7.382e-05	41.3	1	6.152e-06	52.1	0	0	>52.1	0	0	>52.1
AGAAT	A	508246	3449	6.786e-03	21.7	2122	4.175e-03	23.8	1159	2.280e-03	26.4	464	9.129e-04	30.4	100	1.968e-04	37.1	25	4.919e-05	43.1	4	7.870e-06	51.0	2	3.935e-06	54.1
CGCTG	CpH	247800	3273	1.321e-02	18.8	2009	8.107e-03	20.9	1067	4.306e-03	23.7	476	1.921e-03	27.2	139	5.609e-04	32.5	31	1.251e-04	39.0	7	2.825e-05	45.5	1	4.036e-06	53.9
TACCC	CpH	196057	1307	6.666e-03	21.8	762	3.887e-03	24.1	388	1.979e-03	27.0	139	7.090e-04	31.5	29	1.479e-04	38.3	1	5.101e-06	52.9	0	0	>52.9	0	0	>52.9
GGAGT	A	314456	3003	9.550e-03	20.2	1716	5.457e-03	22.6	833	2.649e-03	25.8	277	8.809e-04	30.6	39	1.240e-04	39.1	2	6.360e-06	52.0	0	0	>55.0	0	0	>55.0
ATCAG	CpH	589898	8729	1.480e-02	18.3	5381	9.122e-03	20.4	2999	5.084e-03	22.9	1270	2.153e-03	26.7	265	4.492e-04	33.5	66	1.119e-04	39.5	11	1.865e-05	47.3	1	1.695e-06	57.7
TAAGT	A	205012	1624	7.921e-03	21.0	973	4.746e-03	23.2	549	2.678e-03	25.7	231	1.127e-03	29.5	59	2.878e-04	35.4	18	8.780e-05	40.6	1	4.878e-06	53.1	0	0	>53.1
AAACA	A	607624	2381	3.919e-03	24.1	1395	2.296e-03	26.4	710	1.168e-03	29.3	262	4.312e-04	33.7	29	4.773e-05	43.2	5	8.229e-06	50.8	1	1.646e-06	57.8	1	1.646e-06	57.8
TTCCA	CpH	581383	14196	2.442e-02	16.1	9198	1.582e-02	18.0	5356	9.213e-03	20.4	2273	3.910e-03	24.1	476	8.187e-04	30.9	61	1.049e-04	39.8	3	5.160e-06	52.9	0	0	>57.6
CCAGA	A	640109	3769	5.888e-03	22.3	2109	3.295e-03	24.8	999	1.561e-03	28.1	309	4.827e-04	33.2	31	4.843e-05	43.1	1	1.562e-06	58.1	0	0	>58.1	0	0	>58.1
AGAGG	A	556889	5165	9.275e-03	20.3	3160	5.674e-03	22.5	1788	3.211e-03	24.9	773	1.388e-03	28.6	149	2.676e-04	35.7	14	2.514e-05	46.0	0	0	>57.5	0	0	>57.5
GTATA	A	170869	879	5.144e-03	22.9	555	3.248e-03	24.9	284	1.662e-03	27.8	119	6.964e-04	31.6	33	1.931e-04	37.1	6	3.511e-05	44.5	0	0	>52.3	0	0	>52.3
GGAAG	A	719700	8653	1.202e-02	19.2	5716	7.942e-03	21.0	3551	4.934e-03	23.1	1817	2.525e-03	26.0	592	8.226e-04	30.8	215	2.987e-04	35.2	81	1.125e-04	39.5	42	5.836e-05	42.3
GCCCG	CpH	203541	3659	1.798e-02	17.5	2310	1.135e-02	19.5	1365	6.706e-03	21.7	592	2.909e-03	25.4	123	6.043e-04	32.2	20	9.826e-05	40.1	1	4.913e-06	53.1	0	0	>53.1
GGATT	A	329456	2553	7.749e-03	21.1	1449	4.398e-03	23.6	720	2.185e-03	26.6	240	7.285e-04	31.4	34	1.032e-04	39.9	0	0	>55.2	0	0	>55.2	0	0	>55.2
AAAAT	A	723831	5644	7.797e-03	21.1	3502	4.838e-03	23.2	1922	2.655e-03	25.8	811	1.120e-03	29.5	168	2.321e-04	36.3	25	3.454e-05	44.6	1	1.382e-06	58.6	0	0	>58.6
TAAAA	A	504296	4170	8.269e-03	20.8	2713	5.380e-03	22.7	1553	3.080e-03	25.1	709	1.406e-03	28.5	189	3.748e-04	34.3	26	5.156e-05	42.9	3	5.949e-06	52.3	1	1.983e-06	57.0
AGATA	A	348091	1581	4.542e-03	23.4	908	2.609e-03	25.8	427	1.227e-03	29.1	149	4.280e-04	33.7	23	6.607e-05	41.8	2	5.746e-06	52.4	0	0	>55.4	0	0	>55.4
TTCAT	CpH	660362	20860	3.159e-02	15.0	13849	2.097e-02	16.8	8120	1.230e-02	19.1	3550	5.376e-03	22.7	703	1.065e-03	29.7	80	1.211e-04	39.2	3	4.543e-06	53.4	1	1.514e-06	58.2
ACCTG	CpH	539742	7591	1.406e-02	18.5	4832	8.952e-03	20.5	2808	5.202e-03	22.8	1303	2.414e-03	26.2	353	6.540e-04	31.8	87	1.612e-04	37.9	11	2.038e-05	46.9	0	0	>57.3
TGCGC	CpG	152666	1957	1.282e-02	18.9	1130	7.402e-03	21.3	604	3.956e-03	24.0	222	1.454e-03	28.4	33	2.162e-04	36.7	7	4.585e-05	43.4	0	0	>51.8	0	0	>51.8
CTAGG	A	183909	1862	1.012e-02	19.9	1194	6.492e-03	21.9	738	4.013e-03	24.0	353	1.919e-03	27.2	114	6.199e-04	32.1	39	2.121e-04	36.7	7	3.806e-05	44.2	4	2.175e-05	46.6
GTCAG	CpH	476078	6457	1.356e-02	18.7	4060	8.528e-03	20.7	2214	4.650e-03	23.3	946	1.987e-03	27.0	207	4.348e-04	33.6	30	6.301e-05	42.0	3	6.301e-06	52.0	1	2.100e-06	56.8
CGCGT	CpG	55358	1457	2.632e-02	15.8	826	1.492e-02	18.3	443	8.002e-03	21.0	181	3.270e-03	24.9	36	6.503e-04	31.9	3	5.419e-05	42.7	0	0	>47.4	0	0	>47.4
AGACA	A	505550	1564	3.094e-03	25.1	875	1.731e-03	27.6	421	8.328e-04	30.8	144	2.848e-04	35.5	20	3.956e-05	44.0	2	3.956e-06	54.0	0	0	>57.0	0	0	>57.0
CGACC	A	143563	453	3.155e-03	25.0	245	1.707e-03	27.7	112	7.801e-04	31.1	31	2.159e-04	36.7	1	6.966e-06	51.6	0	0	>51.6	0	0	>51.6	0	0	>51.6
AGCCG	CpH	204427	1215	5.943e-03	22.3	737	3.605e-03	24.4	421	2.059e-03	26.9	184	9.001e-04	30.5	46	2.250e-04	36.5	13	6.359e-05	42.0	1	4.892e-06	53.1	0	0	>53.1
TGACT	A	416589	2265	5.437e-03	22.6	1244	2.986e-03	25.2	620	1.488e-03	28.3	211	5.065e-04	33.0	18	4.321e-05	43.6	1	2.400e-06	56.2	0	0	>56.2	0	0	>56.2
ACAAG	A	520122	2277	4.378e-03	23.6	1346	2.588e-03	25.9	738	1.419e-03	28.5	309	5.941e-04	32.3	63	1.211e-04	39.2	14	2.692e-05	45.7	1	1.923e-06	57.2	0	0	>57.2
CCCTT	CpH	362751	11517	3.175e-02	15.0	7506	2.069e-02	16.8	4456	1.228e-02	19.1	2028	5.591e-03	22.5	426	1.174e-03	29.3	57	1.571e-04	38.0	0	0	>55.6	0	0	>55.6
GCCGA	CpG	177512	2974	1.675e-02	17.8	1915	1.079e-02	19.7	1093	6.157e-03	22.1	486	2.738e-03	25.6	116	6.535e-04	31.8	16	9.013e-05	40.5	1	5.633e-06	52.5	0	0	>52.5
GACGG	CpG	165772	1113	6.714e-03	21.7	626	3.776e-03	24.2	319	1.924e-03	27.2	107	6.455e-04	31.9	16	9.652e-05	40.2	1	6.032e-06	52.2	0	0	>52.2	0	0	>52.2
AAATA	A	525318	2729	5.195e-03	22.8	1617	3.078e-03	25.1	858	1.633e-03	27.9	348	6.625e-04	31.8	58	1.104e-04	39.6	6	1.142e-05	49.4	0	0	>57.2	0	0	>57.2
GTACA	A	309544	930	3.004e-03	25.2	527	1.703e-03	27.7	237	7.656e-04	31.2	71	2.294e-04	36.4	7	2.261e-05	46.5	0	0	>54.9	0	0	>54.9	0	0	>54.9
CAATG	A	527714	801	1.518e-03	28.2	447	8.470e-04	30.7	236	4.472e-04	33.5	112	2.122e-04	36.7	22	4.169e-05	43.8	4	7.580e-06	51.2	0	0	>57.2	0	0	>57.2
GCCTC	CpH	527273	10733	2.036e-02	16.9	6902	1.309e-02	18.8	4005	7.596e-03	21.2	1712	3.247e-03	24.9	338	6.410e-04	31.9	46	8.724e-05	40.6	0	0	>57.2	0	0	>57.2
TTCTA	CpH	379384	11548	3.044e-02	15.2	7525	1.983e-02	17.0	4405	1.161e-02	19.4	1901	5.011e-03	23.0	398	1.049e-03	29.8	75	1.977e-04	37.0	7	1.845e-05	47.3	0	0	>55.8
ATCGA	CpG	155922	2070	1.328e-02	18.8	1222	7.837e-03	21.1	699	4.483e-03	23.5	286	1.834e-03	27.4	73	4.682e-04	33.3	20	1.283e-04	38.9	2	1.283e-05	48.9	0	0	>51.9
AAAAG	A	563631	7653	1.358e-02	18.7	5031	8.926e-03	20.5	2961	5.253e-03	22.8	1331	2.361e-03	26.3	324	5.748e-04	32.4	54	9.581e-05	40.2	6	1.065e-05	49.7	2	3.548e-06	54.5
GAACC	A	341409	1058	3.099e-03	25.1	593	1.737e-03	27.6	295	8.641e-04	30.6	82	2.402e-04	36.2	6	1.757e-05	47.6	0	0	>55.3	0	0	>55.3	0	0	>55.3
CTAGT	A	170174	1736	1.020e-02	19.9	1093	6.423e-03	21.9	651	3.825e-03	24.2	316	1.857e-03	27.3	126	7.404e-04	31.3	44	2.586e-04	35.9	11	6.464e-05	41.9	6	3.526e-05	44.5
TTCAG	CpH	761926	19890	2.610e-02	15.8	13097	1.719e-02	17.6	7672	1.007e-02	20.0	3404	4.468e-03	23.5	845	1.109e-03	29.6	227	2.979e-04	35.3	33	4.331e-05	43.6	10	1.312e-05	48.8
GTCAT	CpH	437513	5985	1.368e-02	18.6	3674	8.397e-03	20.8	2031	4.642e-03	23.3	766	1.751e-03	27.6	133	3.040e-04	35.2	19	4.343e-05	43.6	0	0	>56.4	0	0	>56.4
ACCTT	CpH	477633	9768	2.045e-02	16.9	6510	1.363e-02	18.7	3981	8.335e-03	20.8	1834	3.840e-03	24.2	449	9.401e-04	30.3	84	1.759e-04	37.5	10	2.094e-05	46.8	4	8.375e-06	50.8
CGCGG	CpG	112782	1552	1.376e-02	18.6	908	8.051e-03	20.9	486	4.309e-03	23.7	196	1.738e-03	27.6	44	3.901e-04	34.1	6	5.320e-05	42.7	1	8.867e-06	50.5	0	0	>50.5
TTACT	A	308276	2248	7.292e-03	21.4	1297	4.207e-03	23.8	635	2.060e-03	26.9	229	7.428e-04	31.3	29	9.407e-05	40.3	3	9.732e-06	50.1	0	0	>54.9	0	0	>54.9
AACCT	CpH	411036	2539	6.177e-03	22.1	1469	3.574e-03	24.5	767	1.866e-03	27.3	286	6.958e-04	31.6	34	8.272e-05	40.8	2	4.866e-06	53.1	0	0	>56.1	0	0	>56.1
CACTG	CpH	597195	7376	1.235e-02	19.1	4667	7.815e-03	21.1	2682	4.491e-03	23.5	1284	2.150e-03	26.7	397	6.648e-04	31.8	126	2.110e-04	36.8	11	1.842e-05	47.3	1	1.674e-06	57.8
TCCGC	CpG	192182	2254	1.173e-02	19.3	1257	6.541e-03	21.8	615	3.200e-03	24.9	230	1.197e-03	29.2	33	1.717e-04	37.7	2	1.041e-05	49.8	0	0	>52.8	0	0	>52.8
ATAAG	A	273344	1937	7.086e-03	21.5	1251	4.577e-03	23.4	724	2.649e-03	25.8	359	1.313e-03	28.8	111	4.061e-04	33.9	24	8.780e-05	40.6	3	1.098e-05	49.6	2	7.317e-06	51.4
TTATA	A	291307	2953	1.014e-02	19.9	1838	6.309e-03	22.0	1062	3.646e-03	24.4	426	1.462e-03	28.3	78	2.678e-04	35.7	9	3.090e-05	45.1	0	0	>54.6	0	0	>54.6
CTACG	A	121129	895	7.389e-03	21.3	593	4.896e-03	23.1	344	2.840e-03	25.5	174	1.436e-03	28.4	55	4.541e-04	33.4	17	1.403e-04	38.5	3	2.477e-05	46.1	2	1.651e-05	47.8
AACTA	CpH	285077	2913	1.022e-02	19.9	1849	6.486e-03	21.9	1149	4.030e-03	23.9	692	2.427e-03	26.1	347	1.217e-03	29.1	186	6.525e-04	31.9	72	2.526e-04	36.0	39	1.368e-04	38.6
TACAC	CpH	264752	1955	7.384e-03	21.3	1105	4.174e-03	23.8	539	2.036e-03	26.9	172	6.497e-04	31.9	24	9.065e-05	40.4	4	1.511e-05	48.2	0	0	>54.2	0	0	>54.2
CGATC	A	132870	784	5.901e-03	22.3	427	3.214e-03	24.9	194	1.460e-03	28.4	54	4.064e-04	33.9	8	6.021e-05	42.2	0	0	>51.2	0	0	>51.2	0	0	>51.2
CAAGT	A	402592	2335	5.800e-03	22.4	1378	3.423e-03	24.7	699	1.736e-03	27.6	297	7.377e-04	31.3	51	1.267e-04	39.0	5	1.242e-05	49.1	0	0	>56.0	0	0	>56.0
GCCTT	CpH	526761	13460	2.555e-02	15.9	9019	1.712e-02	17.7	5520	1.048e-02	19.8	2641	5.014e-03	23.0	605	1.149e-03	29.4	104	1.974e-04	37.0	6	1.139e-05	49.4	2	3.797e-06	54.2
ACACA	A	449514	2707	6.022e-03	22.2	1603	3.566e-03	24.5	832	1.851e-03	27.3	333	7.408e-04	31.3	51	1.135e-04	39.5	2	4.449e-06	53.5	0	0	>56.5	0	0	>56.5
AGCAA	CpH	525820	4200	7.988e-03	21.0	2472	4.701e-03	23.3	1322	2.514e-03	26.0	478	9.091e-04	30.4	74	1.407e-04	38.5	11	2.092e-05	46.8	0	0	>57.2	0	0	>57.2
GGCGA	CpG	176630	4620	2.616e-02	15.8	2872	1.626e-02	17.9	1608	9.104e-03	20.4	674	3.816e-03	24.2	156	8.832e-04	30.5	35	1.982e-04	37.0	3	1.698e-05	47.7	1	5.662e-06	52.5
CCCAG	CpH	752829	15263	2.027e-02	16.9	9806	1.303e-02	18.9	5431	7.214e-03	21.4	2180	2.896e-03	25.4	343	4.556e-04	33.4	40	5.313e-05	42.7	0	0	>58.8	0	0	>58.8
CTCTA	CpH	303156	5789	1.910e-02	17.2	3361	1.109e-02	19.6	1682	5.548e-03	22.6	532	1.755e-03	27.6	62	2.045e-04	36.9	5	1.649e-05	47.8	0	0	>54.8	0	0	>54.8
GCACT	A	306214	1144	3.736e-03	24.3	589	1.923e-03	27.2	282	9.209e-04	30.4	81	2.645e-04	35.8	14	4.572e-05	43.4	1	3.266e-06	54.9	0	0	>54.9	0	0	>54.9
CAAAT	A	520216	3094	5.948e-03	22.3	1890	3.633e-03	24.4	1016	1.953e-03	27.1	416	7.997e-04	31.0	78	1.499e-04	38.2	8	1.538e-05	48.1	2	3.845e-06	54.2	0	0	>57.2
TCCCA	CpH	569184	13308	2.338e-02	16.3	8444	1.484e-02	18.3	4655	8.178e-03	20.9	1770	3.110e-03	25.1	264	4.638e-04	33.3	19	3.338e-05	44.8	0	0	>57.6	0	0	>57.6
GGCTC	CpH	462608	7132	1.542e-02	18.1	4460	9.641e-03	20.2	2534	5.478e-03	22.6	1188	2.568e-03	25.9	371	8.020e-04	31.0	127	2.745e-04	35.6	13	2.810e-05	45.5	3	6.485e-06	51.9
CTCGC	CpG	167454	2646	1.580e-02	18.0	1454	8.683e-03	20.6	705	4.210e-03	23.8	201	1.200e-03	29.2	16	9.555e-05	40.2	1	5.972e-06	52.2	0	0	>52.2	0	0	>52.2
ACAGC	A	620963	1186	1.910e-03	27.2	593	9.550e-04	30.2	245	3.945e-04	34.0	84	1.353e-04	38.7	10	1.610e-05	47.9	0	0	>57.9	0	0	>57.9	0	0	>57.9
CACAG	CpH	695675	5780	8.308e-03	20.8	3353	4.820e-03	23.2	1757	2.526e-03	26.0	661	9.502e-04	30.2	171	2.458e-04	36.1	41	5.894e-05	42.3	6	8.625e-06	50.6	1	1.437e-06	58.4
TGCTA	CpH	273982	3778	1.379e-02	18.6	2402	8.767e-03	20.6	1427	5.208e-03	22.8	725	2.646e-03	25.8	290	1.058e-03	29.8	117	4.270e-04	33.7	16	5.840e-05	42.3	6	2.190e-05	46.6
GGCCC	CpH	419672	3970	9.460e-03	20.2	2497	5.950e-03	22.3	1408	3.355e-03	24.7	576	1.373e-03	28.6	122	2.907e-04	35.4	21	5.004e-05	43.0	2	4.766e-06	53.2	1	2.383e-06	56.2
GACAC	CpH	306388	2885	9.416e-03	20.3	1609	5.252e-03	22.8	770	2.513e-03	26.0	251	8.192e-04	30.9	41	1.338e-04	38.7	1	3.264e-06	54.9	1	3.264e-06	54.9	0	0	>54.9
ATATG	A	308687	2382	7.717e-03	21.1	1525	4.940e-03	23.1	866	2.805e-03	25.5	397	1.286e-03	28.9	102	3.304e-04	34.8	26	8.423e-05	40.7	5	1.620e-05	47.9	2	6.479e-06	51.9
TGAAG	A	892870	10416	1.167e-02	19.3	6693	7.496e-03	21.3	3930	4.402e-03	23.6	1713	1.919e-03	27.2	418	4.682e-04	33.3	78	8.736e-05	40.6	11	1.232e-05	49.1	2	2.240e-06	56.5
TAAGC	A	197018	849	4.309e-03	23.7	498	2.528e-03	26.0	258	1.310e-03	28.8	102	5.177e-04	32.9	19	9.644e-05	40.2	2	1.015e-05	49.9	0	0	>52.9	0	0	>52.9
GGATC	A	373959	1555	4.158e-03	23.8	831	2.222e-03	26.5	380	1.016e-03	29.9	106	2.835e-04	35.5	7	1.872e-05	47.3	1	2.674e-06	55.7	0	0	>55.7	0	0	>55.7
ATAGA	A	256455	2224	8.672e-03	20.6	1382	5.389e-03	22.7	816	3.182e-03	25.0	368	1.435e-03	28.4	80	3.119e-04	35.1	19	7.409e-05	41.3	2	7.799e-06	51.1	0	0	>54.1
GTCCA	CpH	391306	4243	1.084e-02	19.6	2685	6.862e-03	21.6	1487	3.800e-03	24.2	606	1.549e-03	28.1	115	2.939e-04	35.3	15	3.833e-05	44.2	0	0	>55.9	0	0	>55.9
TTAAG	A	290356	2047	7.050e-03	21.5	1267	4.364e-03	23.6	746	2.569e-03	25.9	313	1.078e-03	29.7	83	2.859e-04	35.4	18	6.199e-05	42.1	3	1.033e-05	49.9	2	6.888e-06	51.6
AGAAC	A	494676	1646	3.327e-03	24.8	919	1.858e-03	27.3	459	9.279e-04	30.3	139	2.810e-04	35.5	25	5.054e-05	43.0	6	1.213e-05	49.2	1	2.022e-06	56.9	0	0	>56.9
GTCTA	CpH	179931	2361	1.312e-02	18.8	1430	7.947e-03	21.0	775	4.307e-03	23.7	283	1.573e-03	28.0	52	2.890e-04	35.4	9	5.002e-05	43.0	0	0	>52.6	0	0	>52.6
ACCAA	CpH	514460	3093	6.012e-03	22.2	1896	3.685e-03	24.3	1045	2.031e-03	26.9	400	7.775e-04	31.1	63	1.225e-04	39.1	10	1.944e-05	47.1	0	0	>57.1	0	0	>57.1
AACAG	CpH	549520	4563	8.304e-03	20.8	2787	5.072e-03	22.9	1527	2.779e-03	25.6	595	1.083e-03	29.7	141	2.566e-04	35.9	36	6.551e-05	41.8	2	3.640e-06	54.4	0	0	>57.4
GCAGG	A	663340	1631	2.459e-03	26.1	865	1.304e-03	28.8	352	5.306e-04	32.8	96	1.447e-04	38.4	10	1.508e-05	48.2	0	0	>58.2	0	0	>58.2	0	0	>58.2
GGAGC	A	427646	2382	5.570e-03	22.5	1305	3.052e-03	25.2	670	1.567e-03	28.1	221	5.168e-04	32.9	24	5.612e-05	42.5	4	9.354e-06	50.3	0	0	>56.3	0	0	>56.3
TAATC	A	224712	717	3.191e-03	25.0	401	1.785e-03	27.5	213	9.479e-04	30.2	79	3.516e-04	34.5	17	7.565e-05	41.2	4	1.780e-05	47.5	0	0	>53.5	0	0	>53.5
TACCT	CpH	307762	2532	8.227e-03	20.8	1423	4.624e-03	23.4	716	2.326e-03	26.3	236	7.668e-04	31.2	32	1.040e-04	39.8	3	9.748e-06	50.1	0	0	>54.9	0	0	>54.9
CTAAC	A	163853	1018	6.213e-03	22.1	639	3.900e-03	24.1	379	2.313e-03	26.4	193	1.178e-03	29.3	58	3.540e-04	34.5	19	1.160e-04	39.4	2	1.221e-05	49.1	1	6.103e-06	52.1
TGCCA	CpH	684355	4110	6.006e-03	22.2	2426	3.545e-03	24.5	1292	1.888e-03	27.2	504	7.365e-04	31.3	100	1.461e-04	38.4	16	2.338e-05	46.3	0	0	>58.4	0	0	>58.4
ATACC	A	242641	1616	6.660e-03	21.8	1002	4.130e-03	23.8	573	2.362e-03	26.3	263	1.084e-03	29.7	65	2.679e-04	35.7	15	6.182e-05	42.1	8	3.297e-05	44.8	1	4.121e-06	53.8
GTAAG	A	184594	621	3.364e-03	24.7	402	2.178e-03	26.6	219	1.186e-03	29.3	97	5.255e-04	32.8	19	1.029e-04	39.9	2	1.083e-05	49.7	0	0	>52.7	0	0	>52.7
GTCGC	CpG	93744	1302	1.389e-02	18.6	758	8.086e-03	20.9	402	4.288e-03	23.7	163	1.739e-03	27.6	20	2.133e-04	36.7	3	3.200e-05	44.9	0	0	>49.7	0	0	>49.7
TCAGG	A	684190	7362	1.076e-02	19.7	4368	6.384e-03	21.9	2295	3.354e-03	24.7	762	1.114e-03	29.5	72	1.052e-04	39.8	1	1.462e-06	58.4	0	0	>58.4	0	0	>58.4
GCCAT	CpH	535293	6551	1.224e-02	19.1	4312	8.055e-03	20.9	2557	4.777e-03	23.2	1123	2.098e-03	26.8	221	4.129e-04	33.8	24	4.484e-05	43.5	0	0	>57.3	0	0	>57.3
GGACT	A	368664	1691	4.587e-03	23.4	920	2.495e-03	26.0	416	1.128e-03	29.5	136	3.689e-04	34.3	17	4.611e-05	43.4	0	0	>55.7	0	0	>55.7	0	0	>55.7
GAAAA	A	742427	10813	1.456e-02	18.4	8015	1.080e-02	19.7	5886	7.928e-03	21.0	3999	5.386e-03	22.7	2411	3.247e-03	24.9	1624	2.187e-03	26.6	977	1.316e-03	28.8	716	9.644e-04	30.2
CGAGA	A	175699	1366	7.775e-03	21.1	817	4.650e-03	23.3	434	2.470e-03	26.1	160	9.106e-04	30.4	27	1.537e-04	38.1	1	5.692e-06	52.4	0	0	>52.4	0	0	>52.4
TGAAT	A	454333	5063	1.114e-02	19.5	3082	6.784e-03	21.7	1633	3.594e-03	24.4	562	1.237e-03	29.1	75	1.651e-04	37.8	1	2.201e-06	56.6	0	0	>56.6	0	0	>56.6
TCCTA	CpH	215550	2975	1.380e-02	18.6	1856	8.611e-03	20.6	1094	5.075e-03	22.9	520	2.412e-03	26.2	148	6.866e-04	31.6	40	1.856e-04	37.3	3	1.392e-05	48.6	0	0	>53.3
GGAAC	A	364938	1026	2.811e-03	25.5	596	1.633e-03	27.9	295	8.084e-04	30.9	112	3.069e-04	35.1	19	5.206e-05	42.8	2	5.480e-06	52.6	0	0	>55.6	0	0	>55.6
GCCCC	CpH	364681	5479	1.502e-02	18.2	3530	9.680e-03	20.1	2033	5.575e-03	22.5	807	2.213e-03	26.6	138	3.784e-04	34.2	15	4.113e-05	43.9	0	0	>55.6	0	0	>55.6
AGAGC	A	403593	1607	3.982e-03	24.0	939	2.327e-03	26.3	481	1.192e-03	29.2	169	4.187e-04	33.8	31	7.681e-05	41.1	7	1.734e-05	47.6	1	2.478e-06	56.1	1	2.478e-06	56.1
TCACA	A	425837	2132	5.007e-03	23.0	1193	2.802e-03	25.5	594	1.395e-03	28.6	213	5.002e-04	33.0	46	1.080e-04	39.7	8	1.879e-05	47.3	0	0	>56.3	0	0	>56.3
ATCAA	CpH	579873	5880	1.014e-02	19.9	3532	6.091e-03	22.2	1844	3.180e-03	25.0	682	1.176e-03	29.3	121	2.087e-04	36.8	16	2.759e-05	45.6	4	6.898e-06	51.6	0	0	>57.6
GACTC	CpH	297957	4863	1.632e-02	17.9	3165	1.062e-02	19.7	1873	6.286e-03	22.0	907	3.044e-03	25.2	278	9.330e-04	30.3	74	2.484e-04	36.0	12	4.027e-05	43.9	3	1.007e-05	50.0
CCCGT	CpG	118068	3057	2.589e-02	15.9	1824	1.545e-02	18.1	969	8.207e-03	20.9	335	2.837e-03	25.5	50	4.235e-04	33.7	2	1.694e-05	47.7	0	0	>50.7	0	0	>50.7
CGCTA	CpH	78756	793	1.007e-02	20.0	508	6.450e-03	21.9	337	4.279e-03	23.7	193	2.451e-03	26.1	74	9.396e-04	30.3	30	3.809e-04	34.2	6	7.618e-05	41.2	0	0	>49.0
ACAAC	A	362503	981	2.706e-03	25.7	557	1.537e-03	28.1	282	7.779e-04	31.1	119	3.283e-04	34.8	24	6.621e-05	41.8	3	8.276e-06	50.8	0	0	>55.6	0	0	>55.6
AACCA	CpH	517364	1736	3.355e-03	24.7	1023	1.977e-03	27.0	555	1.073e-03	29.7	204	3.943e-04	34.0	37	7.152e-05	41.5	3	5.799e-06	52.4	0	0	>57.1	0	0	>57.1
TTACA	A	394067	3470	8.806e-03	20.6	1995	5.063e-03	23.0	1024	2.599e-03	25.9	407	1.033e-03	29.9	69	1.751e-04	37.6	9	2.284e-05	46.4	0	0	>56.0	0	0	>56.0
TTATT	A	433888	2991	6.893e-03	21.6	1730	3.987e-03	24.0	867	1.998e-03	27.0	279	6.430e-04	31.9	56	1.291e-04	38.9	10	2.305e-05	46.4	1	2.305e-06	56.4	0	0	>56.4
GACGC	CpG	141311	1236	8.747e-03	20.6	703	4.975e-03	23.0	360	2.548e-03	25.9	124	8.775e-04	30.6	19	1.345e-04	38.7	3	2.123e-05	46.7	0	0	>51.5	0	0	>51.5
AGCCC	CpH	433232	3960	9.141e-03	20.4	2495	5.759e-03	22.4	1425	3.289e-03	24.8	618	1.426e-03	28.5	120	2.770e-04	35.6	24	5.540e-05	42.6	1	2.308e-06	56.4	0	0	>56.4
CAAGA	A	663170	2929	4.417e-03	23.5	1763	2.658e-03	25.8	979	1.476e-03	28.3	399	6.017e-04	32.2	63	9.500e-05	40.2	6	9.047e-06	50.4	0	0	>58.2	0	0	>58.2
CGACG	A	88596	238	2.686e-03	25.7	131	1.479e-03	28.3	69	7.788e-04	31.1	20	2.257e-04	36.5	0	0	>49.5	0	0	>49.5	0	0	>49.5	0	0	>49.5
AACTT	CpH	488468	8302	1.700e-02	17.7	5282	1.081e-02	19.7	3067	6.279e-03	22.0	1481	3.032e-03	25.2	543	1.112e-03	29.5	218	4.463e-04	33.5	45	9.212e-05	40.4	18	3.685e-05	44.3
GCCTG	CpH	631794	10609	1.679e-02	17.7	6963	1.102e-02	19.6	4178	6.613e-03	21.8	2047	3.240e-03	24.9	612	9.687e-04	30.1	163	2.580e-04	35.9	26	4.115e-05	43.9	7	1.108e-05	49.6
CCCAT	CpH	359276	8581	2.388e-02	16.2	5249	1.461e-02	18.4	2778	7.732e-03	21.1	969	2.697e-03	25.7	123	3.424e-04	34.7	8	2.227e-05	46.5	0	0	>55.6	0	0	>55.6
AGCTA	CpH	306147	4320	1.411e-02	18.5	2746	8.970e-03	20.5	1678	5.481e-03	22.6	922	3.012e-03	25.2	387	1.264e-03	29.0	203	6.631e-04	31.8	85	2.776e-04	35.6	31	1.013e-04	39.9
CAATC	A	291817	702	2.406e-03	26.2	372	1.275e-03	28.9	164	5.620e-04	32.5	46	1.576e-04	38.0	10	3.427e-05	44.7	1	3.427e-06	54.7	0	0	>54.7	0	0	>54.7
CTCAA	CpH	505711	6474	1.280e-02	18.9	3729	7.374e-03	21.3	1842	3.642e-03	24.4	598	1.182e-03	29.3	50	9.887e-05	40.0	3	5.932e-06	52.3	0	0	>57.0	0	0	>57.0
TCAAT	A	463252	2140	4.620e-03	23.4	1165	2.515e-03	26.0	580	1.252e-03	29.0	206	4.447e-04	33.5	42	9.066e-05	40.4	6	1.295e-05	48.9	1	2.159e-06	56.7	0	0	>56.7
AGCGA	CpG	158841	5130	3.230e-02	14.9	3211	2.022e-02	16.9	1842	1.160e-02	19.4	775	4.879e-03	23.1	161	1.014e-03	29.9	13	8.184e-05	40.9	0	0	>52.0	0	0	>52.0
CAACC	A	342790	418	1.219e-03	29.1	243	7.089e-04	31.5	126	3.676e-04	34.3	51	1.488e-04	38.3	5	1.459e-05	48.4	1	2.917e-06	55.4	0	0	>55.4	0	0	>55.4
CCAAG	A	556874	1625	2.918e-03	25.3	974	1.749e-03	27.6	476	8.548e-04	30.7	180	3.232e-04	34.9	42	7.542e-05	41.2	6	1.077e-05	49.7	0	0	>57.5	0	0	>57.5
GTAGT	A	240609	792	3.292e-03	24.8	425	1.766e-03	27.5	212	8.811e-04	30.5	69	2.868e-04	35.4	13	5.403e-05	42.7	1	4.156e-06	53.8	0	0	>53.8	0	0	>53.8
GCAAC	A	296193	511	1.725e-03	27.6	311	1.050e-03	29.8	156	5.267e-04	32.8	60	2.026e-04	36.9	9	3.039e-05	45.2	1	3.376e-06	54.7	0	0	>54.7	0	0	>54.7
ATCCT	CpH	466269	4598	9.861e-03	20.1	2804	6.014e-03	22.2	1510	3.238e-03	24.9	630	1.351e-03	28.7	130	2.788e-04	35.5	18	3.860e-05	44.1	2	4.289e-06	53.7	0	0	>56.7
AACGC	CpG	97841	851	8.698e-03	20.6	481	4.916e-03	23.1	226	2.310e-03	26.4	84	8.585e-04	30.7	22	2.249e-04	36.5	8	8.177e-05	40.9	4	4.088e-05	43.9	2	2.044e-05	46.9
GACCA	CpH	533332	2477	4.644e-03	23.3	1477	2.769e-03	25.6	771	1.446e-03	28.4	290	5.438e-04	32.6	60	1.125e-04	39.5	7	1.313e-05	48.8	0	0	>57.3	0	0	>57.3
CCATT	A	460827	1647	3.574e-03	24.5	841	1.825e-03	27.4	348	7.552e-04	31.2	91	1.975e-04	37.0	8	1.736e-05	47.6	1	2.170e-06	56.6	0	0	>56.6	0	0	>56.6
TTAGC	A	254246	1367	5.377e-03	22.7	750	2.950e-03	25.3	390	1.534e-03	28.1	140	5.506e-04	32.6	19	7.473e-05	41.3	3	1.180e-05	49.3	0	0	>54.1	0	0	>54.1
TCATG	A	516186	2046	3.964e-03	24.0	1104	2.139e-03	26.7	514	9.958e-04	30.0	172	3.332e-04	34.8	36	6.974e-05	41.6	6	1.162e-05	49.3	0	0	>57.1	0	0	>57.1
GGCAA	CpH	463008	3068	6.626e-03	21.8	1814	3.918e-03	24.1	932	2.013e-03	27.0	368	7.948e-04	31.0	62	1.339e-04	38.7	12	2.592e-05	45.9	1	2.160e-06	56.7	0	0	>56.7
CGCCG	CpH	136903	618	4.514e-03	23.5	326	2.381e-03	26.2	158	1.154e-03	29.4	53	3.871e-04	34.1	9	6.574e-05	41.8	0	0	>51.4	0	0	>51.4	0	0	>51.4
TACAG	CpH	452982	3921	8.656e-03	20.6	2247	4.960e-03	23.0	1125	2.484e-03	26.0	398	8.786e-04	30.6	80	1.766e-04	37.5	9	1.987e-05	47.0	0	0	>56.6	0	0	>56.6
ATAAC	A	250149	1298	5.189e-03	22.8	793	3.170e-03	25.0	436	1.743e-03	27.6	196	7.835e-04	31.1	51	2.039e-04	36.9	13	5.197e-05	42.8	3	1.199e-05	49.2	1	3.998e-06	54.0
CCCTA	CpH	176765	2934	1.660e-02	17.8	1825	1.032e-02	19.9	1031	5.833e-03	22.3	430	2.433e-03	26.1	92	5.205e-04	32.8	8	4.526e-05	43.4	0	0	>52.5	0	0	>52.5
CACTC	CpH	341038	8145	2.388e-02	16.2	4926	1.444e-02	18.4	2694	7.899e-03	21.0	1043	3.058e-03	25.1	173	5.073e-04	32.9	32	9.383e-05	40.3	2	5.864e-06	52.3	0	0	>55.3
TGACA	A	533273	2432	4.561e-03	23.4	1383	2.593e-03	25.9	675	1.266e-03	29.0	207	3.882e-04	34.1	25	4.688e-05	43.3	3	5.626e-06	52.5	0	0	>57.3	0	0	>57.3
CGATG	A	219128	1178	5.376e-03	22.7	644	2.939e-03	25.3	311	1.419e-03	28.5	93	4.244e-04	33.7	13	5.933e-05	42.3	4	1.825e-05	47.4	0	0	>53.4	0	0	>53.4
TCCGG	CpG	165019	1795	1.088e-02	19.6	1096	6.642e-03	21.8	554	3.357e-03	24.7	197	1.194e-03	29.2	28	1.697e-04	37.7	3	1.818e-05	47.4	0	0	>52.2	0	0	>52.2
CTACC	A	262115	2104	8.027e-03	21.0	1353	5.162e-03	22.9	816	3.113e-03	25.1	414	1.579e-03	28.0	145	5.532e-04	32.6	46	1.755e-04	37.6	20	7.630e-05	41.2	12	4.578e-05	43.4
AGACT	A	406181	1348	3.319e-03	24.8	740	1.822e-03	27.4	361	8.888e-04	30.5	103	2.536e-04	36.0	8	1.970e-05	47.1	1	2.462e-06	56.1	0	0	>56.1	0	0	>56.1
GCCGT	CpG	166129	2328	1.401e-02	18.5	1497	9.011e-03	20.5	844	5.080e-03	22.9	389	2.342e-03	26.3	90	5.417e-04	32.7	17	1.023e-04	39.9	1	6.019e-06	52.2	0	0	>52.2
TTCAA	CpH	591398	11714	1.981e-02	17.0	7431	1.257e-02	19.0	4318	7.301e-03	21.4	1832	3.098e-03	25.1	414	7.000e-04	31.5	116	1.961e-04	37.1	19	3.213e-05	44.9	5	8.455e-06	50.7
TAAAT	A	390194	2555	6.548e-03	21.8	1557	3.990e-03	24.0	852	2.184e-03	26.6	345	8.842e-04	30.5	55	1.410e-04	38.5	7	1.794e-05	47.5	1	2.563e-06	55.9	1	2.563e-06	55.9
AGATT	A	462058	2080	4.502e-03	23.5	1173	2.539e-03	26.0	576	1.247e-03	29.0	205	4.437e-04	33.5	20	4.328e-05	43.6	0	0	>56.6	0	0	>56.6	0	0	>56.6
ACCCC	CpH	277058	3864	1.395e-02	18.6	2473	8.926e-03	20.5	1401	5.057e-03	23.0	589	2.126e-03	26.7	119	4.295e-04	33.7	17	6.136e-05	42.1	1	3.609e-06	54.4	0	0	>54.4
AAAAA	A	848606	10346	1.219e-02	19.1	6670	7.860e-03	21.0	3887	4.580e-03	23.4	1625	1.915e-03	27.2	368	4.337e-04	33.6	56	6.599e-05	41.8	5	5.892e-06	52.3	3	3.535e-06	54.5
CACGC	CpG	161363	1150	7.127e-03	21.5	619	3.836e-03	24.2	311	1.927e-03	27.2	111	6.879e-04	31.6	17	1.054e-04	39.8	1	6.197e-06	52.1	0	0	>52.1	0	0	>52.1
CGCGA	CpG	76358	1989	2.605e-02	15.8	1183	1.549e-02	18.1	668	8.748e-03	20.6	269	3.523e-03	24.5	49	6.417e-04	31.9	8	1.048e-04	39.8	0	0	>48.8	0	0	>48.8
TGCAG	CpH	710607	10504	1.478e-02	18.3	6257	8.805e-03	20.6	3331	4.688e-03	23.3	1326	1.866e-03	27.3	276	3.884e-04	34.1	62	8.725e-05	40.6	4	5.629e-06	52.5	1	1.407e-06	58.5
TAACA	A	313351	1084	3.459e-03	24.6	657	2.097e-03	26.8	361	1.152e-03	29.4	140	4.468e-04	33.5	35	1.117e-04	39.5	5	1.596e-05	48.0	1	3.191e-06	55.0	0	0	>55.0
CTATT	A	250380	2521	1.007e-02	20.0	1607	6.418e-03	21.9	953	3.806e-03	24.2	487	1.945e-03	27.1	166	6.630e-04	31.8	62	2.476e-04	36.1	16	6.390e-05	41.9	10	3.994e-05	44.0
CACCT	CpH	552690	3924	7.100e-03	21.5	2256	4.082e-03	23.9	1160	2.099e-03	26.8	422	7.635e-04	31.2	62	1.122e-04	39.5	5	9.047e-06	50.4	1	1.809e-06	57.4	0	0	>57.4
ACCGT	CpG	130803	1237	9.457e-03	20.2	754	5.764e-03	22.4	397	3.035e-03	25.2	143	1.093e-03	29.6	29	2.217e-04	36.5	3	2.294e-05	46.4	0	0	>51.2	0	0	>51.2
TGAGC	A	497074	4970	9.999e-03	20.0	2941	5.917e-03	22.3	1444	2.905e-03	25.4	521	1.048e-03	29.8	60	1.207e-04	39.2	7	1.408e-05	48.5	0	0	>57.0	0	0	>57.0
GGACA	A	461763	2243	4.857e-03	23.1	1212	2.625e-03	25.8	567	1.228e-03	29.1	184	3.985e-04	34.0	16	3.465e-05	44.6	3	6.497e-06	51.9	0	0	>56.6	0	0	>56.6
TGCCT	CpH	540701	5353	9.900e-03	20.0	3107	5.746e-03	22.4	1630	3.015e-03	25.2	616	1.139e-03	29.4	105	1.942e-04	37.1	19	3.514e-05	44.5	2	3.699e-06	54.3	1	1.849e-06	57.3
GCCAA	CpH	553535	5025	9.078e-03	20.4	3232	5.839e-03	22.3	1837	3.319e-03	24.8	841	1.519e-03	28.2	166	2.999e-04	35.2	20	3.613e-05	44.4	0	0	>57.4	0	0	>57.4
GACAG	CpH	532677	4689	8.803e-03	20.6	2704	5.076e-03	22.9	1448	2.718e-03	25.7	505	9.480e-04	30.2	94	1.765e-04	37.5	11	2.065e-05	46.9	2	3.755e-06	54.3	0	0	>57.3
CACAC	CpH	406883	2967	7.292e-03	21.4	1633	4.013e-03	24.0	814	2.001e-03	27.0	285	7.004e-04	31.5	35	8.602e-05	40.7	3	7.373e-06	51.3	0	0	>56.1	0	0	>56.1
ACAGG	A	522732	2024	3.872e-03	24.1	1101	2.106e-03	26.8	539	1.031e-03	29.9	162	3.099e-04	35.1	16	3.061e-05	45.1	1	1.913e-06	57.2	0	0	>57.2	0	0	>57.2
ATATC	A	278196	2247	8.077e-03	20.9	1390	4.996e-03	23.0	813	2.922e-03	25.3	363	1.305e-03	28.8	98	3.523e-04	34.5	22	7.908e-05	41.0	5	1.797e-05	47.5	3	1.078e-05	49.7
GGCCG	CpH	228707	1390	6.078e-03	22.2	877	3.835e-03	24.2	527	2.304e-03	26.4	265	1.159e-03	29.4	73	3.192e-04	35.0	14	6.121e-05	42.1	1	4.372e-06	53.6	0	0	>53.6
GCATC	A	452811	815	1.800e-03	27.4	455	1.005e-03	30.0	209	4.616e-04	33.4	66	1.458e-04	38.4	8	1.767e-05	47.5	1	2.208e-06	56.6	0	0	>56.6	0	0	>56.6
TCCCG	CpH	187576	3798	2.025e-02	16.9	2340	1.247e-02	19.0	1276	6.803e-03	21.7	461	2.458e-03	26.1	52	2.772e-04	35.6	7	3.732e-05	44.3	0	0	>52.7	0	0	>52.7
GGAGG	A	677085	6350	9.378e-03	20.3	3747	5.534e-03	22.6	2025	2.991e-03	25.2	754	1.114e-03	29.5	121	1.787e-04	37.5	6	8.862e-06	50.5	0	0	>58.3	0	0	>58.3
GCAGC	A	739766	933	1.261e-03	29.0	426	5.759e-04	32.4	170	2.298e-04	36.4	35	4.731e-05	43.3	3	4.055e-06	53.9	0	0	>58.7	0	0	>58.7	0	0	>58.7
TAATG	A	292994	914	3.120e-03	25.1	531	1.812e-03	27.4	260	8.874e-04	30.5	94	3.208e-04	34.9	26	8.874e-05	40.5	2	6.826e-06	51.7	0	0	>54.7	0	0	>54.7
AACAC	CpH	379097	3567	9.409e-03	20.3	1979	5.220e-03	22.8	975	2.572e-03	25.9	333	8.784e-04	30.6	47	1.240e-04	39.1	6	1.583e-05	48.0	0	0	>55.8	0	0	>55.8
CGCTT	CpH	184980	4535	2.452e-02	16.1	2745	1.484e-02	18.3	1450	7.839e-03	21.1	592	3.200e-03	24.9	116	6.271e-04	32.0	24	1.297e-04	38.9	3	1.622e-05	47.9	1	5.406e-06	52.7
ATCAT	CpH	556173	10626	1.911e-02	17.2	6776	1.218e-02	19.1	3702	6.656e-03	21.8	1509	2.713e-03	25.7	243	4.369e-04	33.6	25	4.495e-05	43.5	1	1.798e-06	57.5	0	0	>57.5
AGAAG	A	904134	12015	1.329e-02	18.8	9014	9.970e-03	20.0	6647	7.352e-03	21.3	4605	5.093e-03	22.9	2737	3.027e-03	25.2	1687	1.866e-03	27.3	851	9.412e-04	30.3	581	6.426e-04	31.9
TTAAC	A	240530	1195	4.968e-03	23.0	725	3.014e-03	25.2	401	1.667e-03	27.8	182	7.567e-04	31.2	40	1.663e-04	37.8	6	2.494e-05	46.0	0	0	>53.8	0	0	>53.8
TCACT	A	434897	2370	5.450e-03	22.6	1240	2.851e-03	25.4	547	1.258e-03	29.0	185	4.254e-04	33.7	30	6.898e-05	41.6	2	4.599e-06	53.4	0	0	>56.4	0	0	>56.4
CCCGA	CpG	141651	5407	3.817e-02	14.2	3280	2.316e-02	16.4	1754	1.238e-02	19.1	677	4.779e-03	23.2	116	8.189e-04	30.9	8	5.648e-05	42.5	0	0	>51.5	0	0	>51.5
CTAAG	A	230955	1773	7.677e-03	21.1	1191	5.157e-03	22.9	755	3.269e-03	24.9	392	1.697e-03	27.7	152	6.581e-04	31.8	59	2.555e-04	35.9	14	6.062e-05	42.2	9	3.897e-05	44.1
TGCTT	CpH	571397	21273	3.723e-02	14.3	13797	2.415e-02	16.2	8126	1.422e-02	18.5	3622	6.339e-03	22.0	790	1.383e-03	28.6	128	2.240e-04	36.5	7	1.225e-05	49.1	0	0	>57.6
ATACG	A	79690	684	8.583e-03	20.7	437	5.484e-03	22.6	228	2.861e-03	25.4	112	1.405e-03	28.5	23	2.886e-04	35.4	3	3.765e-05	44.2	0	0	>49.0	0	0	>49.0
GTAAC	A	191244	502	2.625e-03	25.8	294	1.537e-03	28.1	156	8.157e-04	30.9	67	3.503e-04	34.6	17	8.889e-05	40.5	5	2.614e-05	45.8	0	0	>52.8	0	0	>52.8
TCAGC	A	683408	2455	3.592e-03	24.4	1200	1.756e-03	27.6	466	6.819e-04	31.7	93	1.361e-04	38.7	7	1.024e-05	49.9	2	2.927e-06	55.3	0	0	>58.3	0	0	>58.3
GTCGG	CpG	115999	1099	9.474e-03	20.2	648	5.586e-03	22.5	342	2.948e-03	25.3	133	1.147e-03	29.4	36	3.103e-04	35.1	4	3.448e-05	44.6	1	8.621e-06	50.6	0	0	>50.6
CAAAA	A	586118	6259	1.068e-02	19.7	4058	6.924e-03	21.6	2410	4.112e-03	23.9	1107	1.889e-03	27.2	230	3.924e-04	34.1	33	5.630e-05	42.5	3	5.118e-06	52.9	0	0	>57.7
CCCCC	CpH	191462	4359	2.277e-02	16.4	2821	1.473e-02	18.3	1667	8.707e-03	20.6	715	3.734e-03	24.3	131	6.842e-04	31.6	17	8.879e-05	40.5	0	0	>52.8	0	0	>52.8
TCCCT	CpH	411635	6461	1.570e-02	18.0	3979	9.666e-03	20.1	2130	5.174e-03	22.9	785	1.907e-03	27.2	116	2.818e-04	35.5	7	1.701e-05	47.7	0	0	>56.1	0	0	>56.1
GCACA	A	417552	1520	3.640e-03	24.4	831	1.990e-03	27.0	424	1.015e-03	29.9	158	3.784e-04	34.2	24	5.748e-05	42.4	2	4.790e-06	53.2	0	0	>56.2	0	0	>56.2
TGATC	A	430270	3118	7.247e-03	21.4	1713	3.981e-03	24.0	746	1.734e-03	27.6	219	5.090e-04	32.9	14	3.254e-05	44.9	2	4.648e-06	53.3	0	0	>56.3	0	0	>56.3
GTCTT	CpH	466908	11428	2.448e-02	16.1	7035	1.507e-02	18.2	3932	8.421e-03	20.7	1579	3.382e-03	24.7	291	6.232e-04	32.1	38	8.139e-05	40.9	4	8.567e-06	50.7	1	2.142e-06	56.7
GACTG	CpH	434569	6591	1.517e-02	18.2	4082	9.393e-03	20.3	2374	5.463e-03	22.6	1101	2.534e-03	26.0	394	9.066e-04	30.4	168	3.866e-04	34.1	47	1.082e-04	39.7	24	5.523e-05	42.6
ACCAT	CpH	477204	4931	1.033e-02	19.9	3114	6.526e-03	21.9	1750	3.667e-03	24.4	712	1.492e-03	28.3	130	2.724e-04	35.6	13	2.724e-05	45.6	1	2.096e-06	56.8	0	0	>56.8
TACCA	CpH	354607	1483	4.182e-03	23.8	854	2.408e-03	26.2	402	1.134e-03	29.5	133	3.751e-04	34.3	17	4.794e-05	43.2	2	5.640e-06	52.5	0	0	>55.5	0	0	>55.5
GAAAG	A	566539	11499	2.030e-02	16.9	8721	1.539e-02	18.1	6463	1.141e-02	19.4	4395	7.758e-03	21.1	2547	4.496e-03	23.5	1594	2.814e-03	25.5	883	1.559e-03	28.1	626	1.105e-03	29.6
AAACC	A	405890	1059	2.609e-03	25.8	620	1.528e-03	28.2	323	7.958e-04	31.0	126	3.104e-04	35.1	17	4.188e-05	43.8	2	4.927e-06	53.1	0	0	>56.1	0	0	>56.1
TTCCC	CpH	436459	14577	3.340e-02	14.8	9505	2.178e-02	16.6	5529	1.267e-02	19.0	2344	5.370e-03	22.7	421	9.646e-04	30.2	41	9.394e-05	40.3	0	0	>56.4	0	0	>56.4
TCCTG	CpH	675647	9449	1.399e-02	18.5	5764	8.531e-03	20.7	3220	4.766e-03	23.2	1360	2.013e-03	27.0	351	5.195e-04	32.8	71	1.051e-04	39.8	8	1.184e-05	49.3	2	2.960e-06	55.3
ATAGT	A	215994	1893	8.764e-03	20.6	1205	5.579e-03	22.5	686	3.176e-03	25.0	314	1.454e-03	28.4	86	3.982e-04	34.0	26	1.204e-04	39.2	3	1.389e-05	48.6	2	9.260e-06	50.3
CCAGC	A	820329	1660	2.024e-03	26.9	748	9.118e-04	30.4	228	2.779e-04	35.6	41	4.998e-05	43.0	1	1.219e-06	59.1	0	0	>59.1	0	0	>59.1	0	0	>59.1
GTCCT	CpH	375797	3534	9.404e-03	20.3	1984	5.279e-03	22.8	1044	2.778e-03	25.6	382	1.017e-03	29.9	61	1.623e-04	37.9	6	1.597e-05	48.0	0	0	>55.7	0	0	>55.7
GTATC	A	214276	642	2.996e-03	25.2	402	1.876e-03	27.3	217	1.013e-03	29.9	78	3.640e-04	34.4	13	6.067e-05	42.2	2	9.334e-06	50.3	0	0	>53.3	0	0	>53.3
CGAGG	A	220556	1267	5.745e-03	22.4	722	3.274e-03	24.8	349	1.582e-03	28.0	107	4.851e-04	33.1	12	5.441e-05	42.6	2	9.068e-06	50.4	0	0	>53.4	0	0	>53.4
AGATG	A	715255	2531	3.539e-03	24.5	1382	1.932e-03	27.1	677	9.465e-04	30.2	229	3.202e-04	34.9	30	4.194e-05	43.8	1	1.398e-06	58.5	0	0	>58.5	0	0	>58.5
TAAAG	A	443709	4335	9.770e-03	20.1	2720	6.130e-03	22.1	1588	3.579e-03	24.5	761	1.715e-03	27.7	177	3.989e-04	34.0	31	6.987e-05	41.6	1	2.254e-06	56.5	0	0	>56.5
ACCTA	CpH	200669	3002	1.496e-02	18.3	1924	9.588e-03	20.2	1117	5.566e-03	22.5	541	2.696e-03	25.7	173	8.621e-04	30.6	39	1.943e-04	37.1	5	2.492e-05	46.0	0	0	>53.0
TCCAC	CpH	546374	7036	1.288e-02	18.9	4108	7.519e-03	21.2	2152	3.939e-03	24.0	751	1.375e-03	28.6	91	1.666e-04	37.8	8	1.464e-05	48.3	0	0	>57.4	0	0	>57.4
GAATC	A	348361	1293	3.712e-03	24.3	704	2.021e-03	26.9	329	9.444e-04	30.2	110	3.158e-04	35.0	16	4.593e-05	43.4	3	8.612e-06	50.6	1	2.871e-06	55.4	1	2.871e-06	55.4
CTAGA	A	217759	2421	1.112e-02	19.5	1592	7.311e-03	21.4	963	4.422e-03	23.5	454	2.085e-03	26.8	145	6.659e-04	31.8	45	2.067e-04	36.8	5	2.296e-05	46.4	3	1.378e-05	48.6
GTCAA	CpH	369656	3515	9.509e-03	20.2	2096	5.670e-03	22.5	1143	3.092e-03	25.1	428	1.158e-03	29.4	67	1.812e-04	37.4	5	1.353e-05	48.7	0	0	>55.7	0	0	>55.7
TACGC	CpG	77560	707	9.116e-03	20.4	396	5.106e-03	22.9	207	2.669e-03	25.7	62	7.994e-04	31.0	7	9.025e-05	40.4	2	2.579e-05	45.9	0	0	>48.9	0	0	>48.9
TTAGG	A	215975	2108	9.760e-03	20.1	1274	5.899e-03	22.3	735	3.403e-03	24.7	275	1.273e-03	29.0	52	2.408e-04	36.2	4	1.852e-05	47.3	0	0	>53.3	0	0	>53.3
AACGG	CpG	124254	679	5.465e-03	22.6	402	3.235e-03	24.9	203	1.634e-03	27.9	67	5.392e-04	32.7	18	1.449e-04	38.4	3	2.414e-05	46.2	1	8.048e-06	50.9	0	0	>50.9
CCAAC	A	408552	804	1.968e-03	27.1	428	1.048e-03	29.8	200	4.895e-04	33.1	66	1.615e-04	37.9	8	1.958e-05	47.1	2	4.895e-06	53.1	0	0	>56.1	0	0	>56.1
CACCA	CpH	760622	2303	3.028e-03	25.2	1248	1.641e-03	27.8	634	8.335e-04	30.8	234	3.076e-04	35.1	36	4.733e-05	43.2	2	2.629e-06	55.8	0	0	>58.8	0	0	>58.8
TCATC	A	791880	2504	3.162e-03	25.0	1379	1.741e-03	27.6	671	8.474e-04	30.7	217	2.740e-04	35.6	17	2.147e-05	46.7	3	3.788e-06	54.2	1	1.263e-06	59.0	0	0	>59.0
CTATA	A	181092	2197	1.213e-02	19.2	1450	8.007e-03	21.0	848	4.683e-03	23.3	412	2.275e-03	26.4	133	7.344e-04	31.3	41	2.264e-04	36.5	16	8.835e-05	40.5	8	4.418e-05	43.5
TAACT	A	270514	761	2.813e-03	25.5	439	1.623e-03	27.9	244	9.020e-04	30.4	105	3.881e-04	34.1	18	6.654e-05	41.8	3	1.109e-05	49.6	1	3.697e-06	54.3	0	0	>54.3
CGCCC	CpH	169901	1078	6.345e-03	22.0	627	3.690e-03	24.3	298	1.754e-03	27.6	95	5.591e-04	32.5	13	7.652e-05	41.2	1	5.886e-06	52.3	0	0	>52.3	0	0	>52.3
ACCGA	CpG	130201	1373	1.055e-02	19.8	812	6.237e-03	22.1	440	3.379e-03	24.7	183	1.406e-03	28.5	26	1.997e-04	37.0	6	4.608e-05	43.4	0	0	>51.1	0	0	>51.1
GCAAG	A	439968	1256	2.855e-03	25.4	774	1.759e-03	27.5	445	1.011e-03	30.0	162	3.682e-04	34.3	19	4.318e-05	43.6	1	2.273e-06	56.4	0	0	>56.4	0	0	>56.4
CAACG	A	141662	220	1.553e-03	28.1	131	9.247e-04	30.3	67	4.730e-04	33.3	26	1.835e-04	37.4	4	2.824e-05	45.5	0	0	>51.5	0	0	>51.5	0	0	>51.5
AGCTG	CpH	832397	11293	1.357e-02	18.7	7199	8.649e-03	20.6	4272	5.132e-03	22.9	2118	2.544e-03	25.9	841	1.010e-03	30.0	428	5.142e-04	32.9	178	2.138e-04	36.7	96	1.153e-04	39.4
AAATC	A	481614	1560	3.239e-03	24.9	879	1.825e-03	27.4	429	8.908e-04	30.5	145	3.011e-04	35.2	21	4.360e-05	43.6	1	2.076e-06	56.8	0	0	>56.8	0	0	>56.8
ACACT	A	333155	1642	4.929e-03	23.1	876	2.629e-03	25.8	430	1.291e-03	28.9	135	4.052e-04	33.9	18	5.403e-05	42.7	1	3.002e-06	55.2	0	0	>55.2	0	0	>55.2
CTCTT	CpH	629544	20613	3.274e-02	14.8	12551	1.994e-02	17.0	6796	1.080e-02	19.7	2568	4.079e-03	23.9	345	5.480e-04	32.6	28	4.448e-05	43.5	0	0	>58.0	0	0	>58.0
AGCAT	CpH	466754	9089	1.947e-02	17.1	5684	1.218e-02	19.1	3148	6.744e-03	21.7	1248	2.674e-03	25.7	232	4.970e-04	33.0	33	7.070e-05	41.5	4	8.570e-06	50.7	1	2.142e-06	56.7
GCCTA	CpH	195898	2760	1.409e-02	18.5	1768	9.025e-03	20.4	1099	5.610e-03	22.5	543	2.772e-03	25.6	161	8.219e-04	30.9	34	1.736e-04	37.6	4	2.042e-05	46.9	0	0	>52.9
ATCGC	CpG	120460	1862	1.546e-02	18.1	1122	9.314e-03	20.3	612	5.081e-03	22.9	232	1.926e-03	27.2	39	3.238e-04	34.9	10	8.302e-05	40.8	0	0	>50.8	0	0	>50.8
CTCAG	CpH	727477	12220	1.680e-02	17.7	7253	9.970e-03	20.0	3678	5.056e-03	23.0	1266	1.740e-03	27.6	128	1.760e-04	37.5	8	1.100e-05	49.6	0	0	>58.6	0	0	>58.6
TTCTC	CpH	715903	18768	2.622e-02	15.8	11629	1.624e-02	17.9	6355	8.877e-03	20.5	2376	3.319e-03	24.8	391	5.462e-04	32.6	50	6.984e-05	41.6	1	1.397e-06	58.5	0	0	>58.5
GGCGT	CpG	163050	5066	3.107e-02	15.1	3118	1.912e-02	17.2	1748	1.072e-02	19.7	715	4.385e-03	23.6	154	9.445e-04	30.2	28	1.717e-04	37.7	4	2.453e-05	46.1	0	0	>52.1
GTACC	A	225886	547	2.422e-03	26.2	308	1.364e-03	28.7	147	6.508e-04	31.9	50	2.214e-04	36.5	10	4.427e-05	43.5	2	8.854e-06	50.5	0	0	>53.5	0	0	>53.5
GAACA	A	490966	1968	4.008e-03	24.0	1116	2.273e-03	26.4	533	1.086e-03	29.6	165	3.361e-04	34.7	18	3.666e-05	44.4	2	4.074e-06	53.9	0	0	>56.9	0	0	>56.9
TCCAT	CpH	513423	8225	1.602e-02	18.0	5041	9.818e-03	20.1	2781	5.417e-03	22.7	1008	1.963e-03	27.1	132	2.571e-04	35.9	10	1.948e-05	47.1	0	0	>57.1	0	0	>57.1
TACGT	CpG	94105	1225	1.302e-02	18.9	679	7.215e-03	21.4	310	3.294e-03	24.8	111	1.180e-03	29.3	13	1.381e-04	38.6	3	3.188e-05	45.0	0	0	>49.7	0	0	>49.7
GAATT	A	418050	2785	6.662e-03	21.8	1619	3.873e-03	24.1	814	1.947e-03	27.1	258	6.172e-04	32.1	39	9.329e-05	40.3	3	7.176e-06	51.4	0	0	>56.2	0	0	>56.2
CACGG	CpG	207055	1671	8.070e-03	20.9	937	4.525e-03	23.4	465	2.246e-03	26.5	175	8.452e-04	30.7	16	7.727e-05	41.1	6	2.898e-05	45.4	1	4.830e-06	53.2	0	0	>53.2
ACCCG	CpH	119822	1719	1.435e-02	18.4	1112	9.280e-03	20.3	658	5.491e-03	22.6	275	2.295e-03	26.4	70	5.842e-04	32.3	10	8.346e-05	40.8	1	8.346e-06	50.8	0	0	>50.8
GACCT	CpH	414115	3136	7.573e-03	21.2	1840	4.443e-03	23.5	948	2.289e-03	26.4	334	8.065e-04	30.9	57	1.376e-04	38.6	7	1.690e-05	47.7	0	0	>56.2	0	0	>56.2
GGCAT	CpH	440644	6062	1.376e-02	18.6	3701	8.399e-03	20.8	2084	4.729e-03	23.3	886	2.011e-03	27.0	196	4.448e-04	33.5	28	6.354e-05	42.0	5	1.135e-05	49.5	1	2.269e-06	56.4
TCAAA	A	582530	9806	1.683e-02	17.7	6412	1.101e-02	19.6	3933	6.752e-03	21.7	1815	3.116e-03	25.1	423	7.261e-04	31.4	73	1.253e-04	39.0	2	3.433e-06	54.6	0	0	>57.7
TGCAC	CpH	320633	3456	1.078e-02	19.7	1966	6.132e-03	22.1	966	3.013e-03	25.2	356	1.110e-03	29.5	68	2.121e-04	36.7	13	4.054e-05	43.9	0	0	>55.1	0	0	>55.1
ATCCA	CpH	457844	5288	1.155e-02	19.4	3364	7.347e-03	21.3	1949	4.257e-03	23.7	827	1.806e-03	27.4	203	4.434e-04	33.5	42	9.173e-05	40.4	2	4.368e-06	53.6	0	0	>56.6
TGAGG	A	572987	5920	1.033e-02	19.9	3471	6.058e-03	22.2	1809	3.157e-03	25.0	665	1.161e-03	29.4	98	1.710e-04	37.7	6	1.047e-05	49.8	0	0	>57.6	0	0	>57.6
AGCGT	CpG	160033	6224	3.889e-02	14.1	3981	2.488e-02	16.0	2219	1.387e-02	18.6	917	5.730e-03	22.4	196	1.225e-03	29.1	24	1.500e-04	38.2	1	6.249e-06	52.0	0	0	>52.0
GTAGA	A	262375	1016	3.872e-03	24.1	551	2.100e-03	26.8	294	1.121e-03	29.5	106	4.040e-04	33.9	11	4.192e-05	43.8	1	3.811e-06	54.2	0	0	>54.2	0	0	>54.2
CCATA	A	277816	2137	7.692e-03	21.1	1407	5.065e-03	23.0	855	3.078e-03	25.1	406	1.461e-03	28.4	97	3.492e-04	34.6	12	4.319e-05	43.6	1	3.600e-06	54.4	0	0	>54.4
AGCAG	CpH	882675	11409	1.293e-02	18.9	6929	7.850e-03	21.1	3824	4.332e-03	23.6	1612	1.826e-03	27.4	308	3.489e-04	34.6	64	7.251e-05	41.4	5	5.665e-06	52.5	1	1.133e-06	59.5
GAAGC	A	602040	2925	4.858e-03	23.1	1935	3.214e-03	24.9	1245	2.068e-03	26.8	727	1.208e-03	29.2	365	6.063e-04	32.2	208	3.455e-04	34.6	120	1.993e-04	37.0	91	1.512e-04	38.2
CTCTG	CpH	706470	12650	1.791e-02	17.5	7525	1.065e-02	19.7	3857	5.460e-03	22.6	1281	1.813e-03	27.4	135	1.911e-04	37.2	6	8.493e-06	50.7	0	0	>58.5	0	0	>58.5
CCCAA	CpH	382536	5173	1.352e-02	18.7	3103	8.112e-03	20.9	1702	4.449e-03	23.5	645	1.686e-03	27.7	70	1.830e-04	37.4	9	2.353e-05	46.3	0	0	>55.8	0	0	>55.8
CGAAC	A	115254	508	4.408e-03	23.6	284	2.464e-03	26.1	134	1.163e-03	29.3	32	2.776e-04	35.6	3	2.603e-05	45.8	0	0	>50.6	0	0	>50.6	0	0	>50.6
CTCAT	CpH	549059	10892	1.984e-02	17.0	6436	1.172e-02	19.3	3239	5.899e-03	22.3	1102	2.007e-03	27.0	107	1.949e-04	37.1	9	1.639e-05	47.9	0	0	>57.4	0	0	>57.4
ACACG	A	162364	677	4.170e-03	23.8	393	2.420e-03	26.2	201	1.238e-03	29.1	81	4.989e-04	33.0	11	6.775e-05	41.7	1	6.159e-06	52.1	0	0	>52.1	0	0	>52.1
TACTC	CpH	254714	4726	1.855e-02	17.3	2898	1.138e-02	19.4	1579	6.199e-03	22.1	645	2.532e-03	26.0	177	6.949e-04	31.6	47	1.845e-04	37.3	5	1.963e-05	47.1	2	7.852e-06	51.1
GGCGG	CpG	264853	4672	1.764e-02	17.5	2975	1.123e-02	19.5	1683	6.354e-03	22.0	740	2.794e-03	25.5	182	6.872e-04	31.6	29	1.095e-04	39.6	1	3.776e-06	54.2	1	3.776e-06	54.2
AGCTT	CpH	554392	10272	1.853e-02	17.3	6619	1.194e-02	19.2	3965	7.152e-03	21.5	1955	3.526e-03	24.5	678	1.223e-03	29.1	280	5.051e-04	33.0	50	9.019e-05	40.4	14	2.525e-05	46.0
TCCCC	CpH	345857	5449	1.576e-02	18.0	3358	9.709e-03	20.1	1813	5.242e-03	22.8	689	1.992e-03	27.0	92	2.660e-04	35.8	8	2.313e-05	46.4	0	0	>55.4	0	0	>55.4
CCCCT	CpH	374227	5220	1.395e-02	18.6	3210	8.578e-03	20.7	1750	4.676e-03	23.3	674	1.801e-03	27.4	92	2.458e-04	36.1	11	2.939e-05	45.3	0	0	>55.7	0	0	>55.7
TGATT	A	419915	4421	1.053e-02	19.8	2688	6.401e-03	21.9	1334	3.177e-03	25.0	420	1.000e-03	30.0	36	8.573e-05	40.7	1	2.381e-06	56.2	0	0	>56.2	0	0	>56.2
GCATG	A	349313	654	1.872e-03	27.3	353	1.011e-03	30.0	157	4.495e-04	33.5	55	1.575e-04	38.0	10	2.863e-05	45.4	1	2.863e-06	55.4	0	0	>55.4	0	0	>55.4
GGCTA	CpH	248002	3885	1.567e-02	18.1	2579	1.040e-02	19.8	1660	6.693e-03	21.7	901	3.633e-03	24.4	432	1.742e-03	27.6	196	7.903e-04	31.0	59	2.379e-04	36.2	25	1.008e-04	40.0
CTCGA	CpG	173240	2683	1.549e-02	18.1	1493	8.618e-03	20.6	756	4.364e-03	23.6	217	1.253e-03	29.0	20	1.154e-04	39.4	1	5.772e-06	52.4	0	0	>52.4	0	0	>52.4
GGCCA	CpH	659770	3702	5.611e-03	22.5	2302	3.489e-03	24.6	1334	2.022e-03	26.9	564	8.548e-04	30.7	152	2.304e-04	36.4	39	5.911e-05	42.3	7	1.061e-05	49.7	0	0	>58.2
ACAGA	A	592234	2818	4.758e-03	23.2	1563	2.639e-03	25.8	753	1.271e-03	29.0	267	4.508e-04	33.5	30	5.066e-05	43.0	1	1.689e-06	57.7	0	0	>57.7	0	0	>57.7
GTAAT	A	227873	695	3.050e-03	25.2	384	1.685e-03	27.7	212	9.303e-04	30.3	85	3.730e-04	34.3	14	6.144e-05	42.1	2	8.777e-06	50.6	1	4.388e-06	53.6	1	4.388e-06	53.6
TCAGT	A	503778	4662	9.254e-03	20.3	2594	5.149e-03	22.9	1233	2.448e-03	26.1	336	6.670e-04	31.8	34	6.749e-05	41.7	3	5.955e-06	52.3	0	0	>57.0	0	0	>57.0
GACAA	CpH	435701	2030	4.659e-03	23.3	1091	2.504e-03	26.0	559	1.283e-03	28.9	183	4.200e-04	33.8	26	5.967e-05	42.2	2	4.590e-06	53.4	0	0	>56.4	0	0	>56.4
GCCAG	CpH	714421	12294	1.721e-02	17.6	8304	1.162e-02	19.3	5098	7.136e-03	21.5	2419	3.386e-03	24.7	590	8.258e-04	30.8	91	1.274e-04	38.9	6	8.398e-06	50.8	1	1.400e-06	58.5
TGCTC	CpH	456007	6922	1.518e-02	18.2	4095	8.980e-03	20.5	2255	4.945e-03	23.1	949	2.081e-03	26.8	270	5.921e-04	32.3	81	1.776e-04	37.5	3	6.579e-06	51.8	1	2.193e-06	56.6
GGACG	A	158236	654	4.133e-03	23.8	326	2.060e-03	26.9	156	9.859e-04	30.1	52	3.286e-04	34.8	3	1.896e-05	47.2	0	0	>52.0	0	0	>52.0	0	0	>52.0
TGAAA	A	625960	10734	1.715e-02	17.7	7432	1.187e-02	19.3	4779	7.635e-03	21.2	2518	4.023e-03	24.0	855	1.366e-03	28.6	299	4.777e-04	33.2	86	1.374e-04	38.6	48	7.668e-05	41.2
GAAAT	A	546273	4111	7.526e-03	21.2	2852	5.221e-03	22.8	1904	3.485e-03	24.6	1134	2.076e-03	26.8	611	1.118e-03	29.5	369	6.755e-04	31.7	202	3.698e-04	34.3	146	2.673e-04	35.7
ACATC	A	483130	1039	2.151e-03	26.7	533	1.103e-03	29.6	267	5.526e-04	32.6	76	1.573e-04	38.0	9	1.863e-05	47.3	0	0	>56.8	0	0	>56.8	0	0	>56.8
CTCCC	CpH	398583	9352	2.346e-02	16.3	5807	1.457e-02	18.4	3041	7.630e-03	21.2	1077	2.702e-03	25.7	144	3.613e-04	34.4	6	1.505e-05	48.2	0	0	>56.0	0	0	>56.0
ATAGG	A	188987	1540	8.149e-03	20.9	973	5.149e-03	22.9	594	3.143e-03	25.0	287	1.519e-03	28.2	68	3.598e-04	34.4	11	5.821e-05	42.4	2	1.058e-05	49.8	1	5.291e-06	52.8
TCCTT	CpH	678872	19797	2.916e-02	15.4	12889	1.899e-02	17.2	7566	1.114e-02	19.5	3320	4.890e-03	23.1	663	9.766e-04	30.1	90	1.326e-04	38.8	2	2.946e-06	55.3	2	2.946e-06	55.3
GTCCG	CpH	117729	1019	8.655e-03	20.6	589	5.003e-03	23.0	309	2.625e-03	25.8	127	1.079e-03	29.7	26	2.208e-04	36.6	2	1.699e-05	47.7	0	0	>50.7	0	0	>50.7
CGAGT	A	111618	688	6.164e-03	22.1	389	3.485e-03	24.6	178	1.595e-03	28.0	40	3.584e-04	34.5	3	2.688e-05	45.7	0	0	>50.5	0	0	>50.5	0	0	>50.5
TGATG	A	764305	4529	5.926e-03	22.3	2488	3.255e-03	24.9	1144	1.497e-03	28.2	365	4.776e-04	33.2	43	5.626e-05	42.5	6	7.850e-06	51.1	0	0	>58.8	0	0	>58.8
AAAGA	A	665364	8638	1.298e-02	18.9	5523	8.301e-03	20.8	3254	4.891e-03	23.1	1440	2.164e-03	26.6	302	4.539e-04	33.4	43	6.463e-05	41.9	4	6.012e-06	52.2	1	1.503e-06	58.2
ATCTA	CpH	287597	4328	1.505e-02	18.2	2661	9.253e-03	20.3	1424	4.951e-03	23.1	569	1.978e-03	27.0	103	3.581e-04	34.5	18	6.259e-05	42.0	0	0	>54.6	0	0	>54.6
CCACA	A	653649	2990	4.574e-03	23.4	1705	2.608e-03	25.8	819	1.253e-03	29.0	292	4.467e-04	33.5	43	6.578e-05	41.8	2	3.060e-06	55.1	0	0	>58.2	0	0	>58.2
CCCCG	CpH	138959	2291	1.649e-02	17.8	1424	1.025e-02	19.9	789	5.678e-03	22.5	322	2.317e-03	26.4	50	3.598e-04	34.4	6	4.318e-05	43.6	0	0	>51.4	0	0	>51.4
CGCAA	CpH	134190	583	4.345e-03	23.6	358	2.668e-03	25.7	207	1.543e-03	28.1	88	6.558e-04	31.8	30	2.236e-04	36.5	4	2.981e-05	45.3	0	0	>51.3	0	0	>51.3
GCATT	A	391457	755	1.929e-03	27.1	373	9.529e-04	30.2	133	3.398e-04	34.7	36	9.196e-05	40.4	4	1.022e-05	49.9	1	2.555e-06	55.9	0	0	>55.9	0	0	>55.9
TTCGA	CpG	170559	4685	2.747e-02	15.6	2906	1.704e-02	17.7	1604	9.404e-03	20.3	619	3.629e-03	24.4	128	7.505e-04	31.2	24	1.407e-04	38.5	2	1.173e-05	49.3	1	5.863e-06	52.3
CTAAA	A	325690	3127	9.601e-03	20.2	2068	6.350e-03	22.0	1281	3.933e-03	24.1	631	1.937e-03	27.1	187	5.742e-04	32.4	56	1.719e-04	37.6	11	3.377e-05	44.7	5	1.535e-05	48.1
CACAT	CpH	428217	4348	1.015e-02	19.9	2449	5.719e-03	22.4	1251	2.921e-03	25.3	460	1.074e-03	29.7	74	1.728e-04	37.6	14	3.269e-05	44.9	1	2.335e-06	56.3	0	0	>56.3
ATATT	A	407797	3856	9.456e-03	20.2	2470	6.057e-03	22.2	1419	3.480e-03	24.6	614	1.506e-03	28.2	174	4.267e-04	33.7	38	9.318e-05	40.3	1	2.452e-06	56.1	1	2.452e-06	56.1
ATACA	A	347649	2590	7.450e-03	21.3	1595	4.588e-03	23.4	884	2.543e-03	25.9	368	1.059e-03	29.8	80	2.301e-04	36.4	18	5.178e-05	42.9	2	5.753e-06	52.4	1	2.876e-06	55.4
TGCCC	CpH	465036	3849	8.277e-03	20.8	2321	4.991e-03	23.0	1230	2.645e-03	25.8	460	9.892e-04	30.0	60	1.290e-04	38.9	5	1.075e-05	49.7	0	0	>56.7	0	0	>56.7
GTCGA	CpG	112408	1456	1.295e-02	18.9	872	7.757e-03	21.1	461	4.101e-03	23.9	169	1.503e-03	28.2	27	2.402e-04	36.2	5	4.448e-05	43.5	0	0	>50.5	0	0	>50.5
GGAAA	A	588960	8345	1.417e-02	18.5	5773	9.802e-03	20.1	3791	6.437e-03	21.9	2116	3.593e-03	24.4	877	1.489e-03	28.3	380	6.452e-04	31.9	114	1.936e-04	37.1	63	1.070e-04	39.7
ACATT	A	465410	1236	2.656e-03	25.8	626	1.345e-03	28.7	291	6.253e-04	32.0	89	1.912e-04	37.2	16	3.438e-05	44.6	0	0	>56.7	0	0	>56.7	0	0	>56.7
AGAGA	A	648619	6007	9.261e-03	20.3	3761	5.798e-03	22.4	2190	3.376e-03	24.7	939	1.448e-03	28.4	175	2.698e-04	35.7	27	4.163e-05	43.8	2	3.083e-06	55.1	0	0	>58.1
GTATG	A	227069	709	3.122e-03	25.1	416	1.832e-03	27.4	213	9.380e-04	30.3	90	3.964e-04	34.0	19	8.368e-05	40.8	5	2.202e-05	46.6	2	8.808e-06	50.6	0	0	>53.6
AAACG	A	135930	341	2.509e-03	26.0	177	1.302e-03	28.9	83	6.106e-04	32.1	35	2.575e-04	35.9	6	4.414e-05	43.6	0	0	>51.3	0	0	>51.3	0	0	>51.3
TCCTC	CpH	666623	13870	2.081e-02	16.8	8498	1.275e-02	18.9	4645	6.968e-03	21.6	1747	2.621e-03	25.8	272	4.080e-04	33.9	33	4.950e-05	43.1	1	1.500e-06	58.2	0	0	>58.2
CTCCT	CpH	713357	9905	1.389e-02	18.6	5766	8.083e-03	20.9	2900	4.065e-03	23.9	987	1.384e-03	28.6	107	1.500e-04	38.2	8	1.121e-05	49.5	0	0	>58.5	0	0	>58.5
TTCCG	CpH	156047	3495	2.240e-02	16.5	2191	1.404e-02	18.5	1226	7.857e-03	21.0	513	3.287e-03	24.8	101	6.472e-04	31.9	12	7.690e-05	41.1	1	6.408e-06	51.9	0	0	>51.9
CCAGG	A	779937	3255	4.173e-03	23.8	1731	2.219e-03	26.5	743	9.526e-04	30.2	176	2.257e-04	36.5	8	1.026e-05	49.9	2	2.564e-06	55.9	0	0	>58.9	0	0	>58.9
GCCCA	CpH	538141	12071	2.243e-02	16.5	7840	1.457e-02	18.4	4669	8.676e-03	20.6	2103	3.908e-03	24.1	426	7.916e-04	31.0	63	1.171e-04	39.3	3	5.575e-06	52.5	0	0	>57.3
GAAAC	A	406131	2073	5.104e-03	22.9	1352	3.329e-03	24.8	828	2.039e-03	26.9	459	1.130e-03	29.5	205	5.048e-04	33.0	117	2.881e-04	35.4	66	1.625e-04	37.9	45	1.108e-04	39.6
CGAGC	A	168334	713	4.236e-03	23.7	351	2.085e-03	26.8	171	1.016e-03	29.9	54	3.208e-04	34.9	6	3.564e-05	44.5	1	5.941e-06	52.3	0	0	>52.3	0	0	>52.3
TAAAC	A	275809	1236	4.481e-03	23.5	732	2.654e-03	25.8	421	1.526e-03	28.2	173	6.272e-04	32.0	43	1.559e-04	38.1	5	1.813e-05	47.4	1	3.626e-06	54.4	1	3.626e-06	54.4
TGCGA	CpG	121789	3531	2.899e-02	15.4	2095	1.720e-02	17.6	1112	9.131e-03	20.4	428	3.514e-03	24.5	77	6.322e-04	32.0	13	1.067e-04	39.7	0	0	>50.9	0	0	>50.9
ACCCT	CpH	333884	2821	8.449e-03	20.7	1694	5.074e-03	22.9	923	2.764e-03	25.6	324	9.704e-04	30.1	46	1.378e-04	38.6	7	2.097e-05	46.8	0	0	>55.2	0	0	>55.2
GAATG	A	417522	1464	3.506e-03	24.6	829	1.986e-03	27.0	406	9.724e-04	30.1	126	3.018e-04	35.2	19	4.551e-05	43.4	4	9.580e-06	50.2	0	0	>56.2	0	0	>56.2
CACGT	CpG	179355	2065	1.151e-02	19.4	1128	6.289e-03	22.0	528	2.944e-03	25.3	167	9.311e-04	30.3	25	1.394e-04	38.6	1	5.576e-06	52.5	0	0	>52.5	0	0	>52.5
TACGG	CpG	100004	616	6.160e-03	22.1	335	3.350e-03	24.7	157	1.570e-03	28.0	53	5.300e-04	32.8	6	6.000e-05	42.2	0	0	>50.0	0	0	>50.0	0	0	>50.0
TCCAG	CpH	607751	9445	1.554e-02	18.1	6007	9.884e-03	20.1	3321	5.464e-03	22.6	1328	2.185e-03	26.6	219	3.603e-04	34.4	21	3.455e-05	44.6	0	0	>57.8	0	0	>57.8
AGATC	A	497322	1616	3.249e-03	24.9	851	1.711e-03	27.7	411	8.264e-04	30.8	101	2.031e-04	36.9	14	2.815e-05	45.5	0	0	>57.0	0	0	>57.0	0	0	>57.0
ATAAT	A	331921	2121	6.390e-03	21.9	1335	4.022e-03	24.0	763	2.299e-03	26.4	315	9.490e-04	30.2	81	2.440e-04	36.1	19	5.724e-05	42.4	1	3.013e-06	55.2	0	0	>55.2
AACCG	CpH	103205	318	3.081e-03	25.1	181	1.754e-03	27.6	89	8.624e-04	30.6	39	3.779e-04	34.2	9	8.721e-05	40.6	1	9.689e-06	50.1	0	0	>50.1	0	0	>50.1
CACTT	CpH	434323	18426	4.242e-02	13.7	11993	2.761e-02	15.6	7060	1.626e-02	17.9	3104	7.147e-03	21.5	612	1.409e-03	28.5	73	1.681e-04	37.7	1	2.302e-06	56.4	0	0	>56.4
CAAGG	A	564620	1959	3.470e-03	24.6	1183	2.095e-03	26.8	651	1.153e-03	29.4	270	4.782e-04	33.2	52	9.210e-05	40.4	4	7.084e-06	51.5	0	0	>57.5	0	0	>57.5
GCCGC	CpG	237694	2010	8.456e-03	20.7	1201	5.053e-03	23.0	634	2.667e-03	25.7	280	1.178e-03	29.3	60	2.524e-04	36.0	7	2.945e-05	45.3	0	0	>53.8	0	0	>53.8
TTACG	A	81189	732	9.016e-03	20.4	428	5.272e-03	22.8	209	2.574e-03	25.9	76	9.361e-04	30.3	11	1.355e-04	38.7	2	2.463e-05	46.1	0	0	>49.1	0	0	>49.1
CGACA	A	152789	708	4.634e-03	23.3	395	2.585e-03	25.9	171	1.119e-03	29.5	47	3.076e-04	35.1	6	3.927e-05	44.1	1	6.545e-06	51.8	0	0	>51.8	0	0	>51.8
AGACC	A	418056	1022	2.445e-03	26.1	552	1.320e-03	28.8	249	5.956e-04	32.3	72	1.722e-04	37.6	9	2.153e-05	46.7	0	0	>56.2	0	0	>56.2	0	0	>56.2
CTACT	A	300219	2464	8.207e-03	20.9	1533	5.106e-03	22.9	921	3.068e-03	25.1	430	1.432e-03	28.4	143	4.763e-04	33.2	57	1.899e-04	37.2	13	4.330e-05	43.6	7	2.332e-05	46.3
TACTT	CpH	357270	14619	4.092e-02	13.9	9446	2.644e-02	15.8	5598	1.567e-02	18.0	2471	6.916e-03	21.6	469	1.313e-03	28.8	47	1.316e-04	38.8	4	1.120e-05	49.5	0	0	>55.5
AAATG	A	544266	2166	3.980e-03	24.0	1262	2.319e-03	26.3	652	1.198e-03	29.2	263	4.832e-04	33.2	59	1.084e-04	39.6	7	1.286e-05	48.9	0	0	>57.4	0	0	>57.4
TTCTG	CpH	787139	21383	2.717e-02	15.7	14007	1.779e-02	17.5	8213	1.043e-02	19.8	3578	4.546e-03	23.4	724	9.198e-04	30.4	122	1.550e-04	38.1	9	1.143e-05	49.4	3	3.811e-06	54.2
CAATA	A	320479	965	3.011e-03	25.2	575	1.794e-03	27.5	307	9.579e-04	30.2	125	3.900e-04	34.1	26	8.113e-05	40.9	5	1.560e-05	48.1	0	0	>55.1	0	0	>55.1
AGCTC	CpH	508828	7181	1.411e-02	18.5	4486	8.816e-03	20.5	2669	5.245e-03	22.8	1312	2.578e-03	25.9	516	1.014e-03	29.9	220	4.324e-04	33.6	44	8.647e-05	40.6	15	2.948e-05	45.3
GTACG	A	93614	235	2.510e-03	26.0	145	1.549e-03	28.1	80	8.546e-04	30.7	25	2.671e-04	35.7	3	3.205e-05	44.9	0	0	>49.7	0	0	>49.7	0	0	>49.7
GAAGT	A	477315	5276	1.105e-02	19.6	3595	7.532e-03	21.2	2370	4.965e-03	23.0	1419	2.973e-03	25.3	698	1.462e-03	28.3	384	8.045e-04	30.9	185	3.876e-04	34.1	123	2.577e-04	35.9
CTCAC	CpH	360702	6693	1.856e-02	17.3	3848	1.067e-02	19.7	1878	5.207e-03	22.8	585	1.622e-03	27.9	70	1.941e-04	37.1	2	5.545e-06	52.6	0	0	>55.6	0	0	>55.6
CGAAT	A	137670	685	4.976e-03	23.0	391	2.840e-03	25.5	199	1.445e-03	28.4	77	5.593e-04	32.5	11	7.990e-05	41.0	0	0	>51.4	0	0	>51.4	0	0	>51.4
ATCGG	CpG	117647	1347	1.145e-02	19.4	816	6.936e-03	21.6	475	4.038e-03	23.9	242	2.057e-03	26.9	71	6.035e-04	32.2	23	1.955e-04	37.1	5	4.250e-05	43.7	2	1.700e-05	47.7
