sample	scope	threshold	n_mod	n_obs	rate
JAR_cDNA_run1	genome-wide	0.5	11974831	98348102	1.2176e-01
JAR_cDNA_run1	genome-wide	0.6	8959165	98348102	9.1096e-02
JAR_cDNA_run1	genome-wide	0.7	6585894	98348102	6.6965e-02
JAR_cDNA_run1	genome-wide	0.8	4471912	98348102	4.5470e-02
JAR_cDNA_run1	genome-wide	0.9	2600953	98348102	2.6446e-02
JAR_cDNA_run1	genome-wide	0.95	1586718	98348102	1.6134e-02
JAR_cDNA_run1	genome-wide	0.98	848783	98348102	8.6304e-03
JAR_cDNA_run1	genome-wide	0.99	617442	98348102	6.2781e-03
JAR_cDNA_run1	chrM	0.5	102290	884643	1.1563e-01
JAR_cDNA_run1	chrM	0.6	75994	884643	8.5904e-02
JAR_cDNA_run1	chrM	0.7	55736	884643	6.3004e-02
JAR_cDNA_run1	chrM	0.8	37515	884643	4.2407e-02
JAR_cDNA_run1	chrM	0.9	21342	884643	2.4125e-02
JAR_cDNA_run1	chrM	0.95	12765	884643	1.4430e-02
JAR_cDNA_run1	chrM	0.98	6613	884643	7.4753e-03
JAR_cDNA_run1	chrM	0.99	4755	884643	5.3750e-03
AdMSC_NT	chrM	0.5	240242	1924698	1.2482e-01
AdMSC_NT	chrM	0.6	177741	1924698	9.2347e-02
AdMSC_NT	chrM	0.7	128768	1924698	6.6903e-02
AdMSC_NT	chrM	0.8	85785	1924698	4.4571e-02
AdMSC_NT	chrM	0.9	48248	1924698	2.5068e-02
AdMSC_NT	chrM	0.95	28544	1924698	1.4830e-02
AdMSC_NT	chrM	0.98	14878	1924698	7.7300e-03
AdMSC_NT	chrM	0.99	10650	1924698	5.5333e-03
AdMSC_PA	chrM	0.5	88578	796260	1.1124e-01
AdMSC_PA	chrM	0.6	65356	796260	8.2079e-02
AdMSC_PA	chrM	0.7	47220	796260	5.9302e-02
AdMSC_PA	chrM	0.8	31333	796260	3.9350e-02
AdMSC_PA	chrM	0.9	17558	796260	2.2051e-02
AdMSC_PA	chrM	0.95	10380	796260	1.3036e-02
AdMSC_PA	chrM	0.98	5370	796260	6.7440e-03
AdMSC_PA	chrM	0.99	3927	796260	4.9318e-03
