class	bin	n_obs	FPR_0.5	FPR_0.7	FPR_0.9	FPR_0.95	FPR_0.98	FPR_0.99
CpG	1_0-50	17760	5.8559e-03	1.9144e-03	5.6306e-05	0.0000e+00	0.0000e+00	0.0000e+00
CpG	2_50-100	268147	3.7144e-03	1.1449e-03	8.9503e-05	1.4917e-05	0.0000e+00	0.0000e+00
CpG	3_100-250	3218987	3.6300e-03	1.0488e-03	1.0842e-04	2.2057e-05	2.1746e-06	6.2131e-07
CpG	4_250-500	2905840	4.4159e-03	1.3827e-03	1.5383e-04	3.2005e-05	4.8179e-06	1.7207e-06
CpG	5_500-1000	1108018	4.4043e-03	1.3953e-03	1.5072e-04	4.1516e-05	5.4151e-06	2.7075e-06
CpG	6_1000+	157457	4.9029e-03	1.6957e-03	1.7148e-04	4.4457e-05	0.0000e+00	0.0000e+00
CpH	1_0-50	133989	4.9332e-03	1.7389e-03	2.3136e-04	5.2243e-05	1.4927e-05	7.4633e-06
CpH	2_50-100	1306243	3.6593e-03	1.2624e-03	1.7608e-04	6.5838e-05	2.9091e-05	2.0670e-05
CpH	3_100-250	17138497	3.2589e-03	1.0728e-03	1.3688e-04	4.1719e-05	7.8187e-06	3.7343e-06
CpH	4_250-500	22079705	3.4423e-03	1.1719e-03	1.5838e-04	4.8280e-05	9.0128e-06	4.6649e-06
CpH	5_500-1000	10688237	3.6664e-03	1.2892e-03	1.6223e-04	5.0242e-05	1.1602e-05	4.8652e-06
CpH	6_1000+	1698444	3.8812e-03	1.3577e-03	1.8370e-04	6.1821e-05	1.5897e-05	6.4765e-06
A	1_0-50	198100	4.2605e-03	1.8728e-03	4.3917e-04	1.4639e-04	5.0480e-05	3.0288e-05
A	2_50-100	2236090	7.8566e-03	3.8326e-03	1.0755e-03	5.0848e-04	1.8157e-04	9.4808e-05
A	3_100-250	20302153	2.9921e-03	1.1120e-03	2.0234e-04	8.9449e-05	4.0144e-05	2.8371e-05
A	4_250-500	25711254	1.4895e-03	5.4980e-04	1.0252e-04	4.8111e-05	2.0380e-05	1.4429e-05
A	5_500-1000	12653677	1.2632e-03	4.8215e-04	8.6694e-05	3.9672e-05	1.7623e-05	1.1854e-05
A	6_1000+	2106411	1.2619e-03	4.6952e-04	8.9726e-05	3.6555e-05	1.9464e-05	1.4242e-05
