mark	threshold	repaired_n_mod	repaired_n_obs	repaired_rate	unrepaired_n_mod	unrepaired_n_obs	unrepaired_rate	unrepaired_over_repaired
6mA	0.5	14776	32533432	4.5418e-04	30941	4668608	6.6275e-03	14.59
6mA	0.6	9048	32533432	2.7811e-04	19553	4668608	4.1882e-03	15.06
6mA	0.7	5256	32533432	1.6156e-04	11150	4668608	2.3883e-03	14.78
6mA	0.8	2514	32533432	7.7274e-05	4964	4668608	1.0633e-03	13.76
6mA	0.9	841	32533432	2.5850e-05	1433	4668608	3.0694e-04	11.87
6mA	0.95	370	32533432	1.1373e-05	532	4668608	1.1395e-04	10.02
6mA	0.98	164	32533432	5.0410e-06	216	4668608	4.6266e-05	9.18
6mA	0.99	103	32533432	3.1660e-06	162	4668608	3.4700e-05	10.96
5mCpG	0.5	206882	872978	2.3698e-01	25768	127123	2.0270e-01	0.86
5mCpG	0.6	179960	872978	2.0614e-01	21749	127123	1.7109e-01	0.83
5mCpG	0.7	150906	872978	1.7286e-01	17608	127123	1.3851e-01	0.80
5mCpG	0.8	113925	872978	1.3050e-01	12553	127123	9.8747e-02	0.76
5mCpG	0.9	66513	872978	7.6191e-02	6850	127123	5.3885e-02	0.71
5mCpG	0.95	33011	872978	3.7814e-02	3080	127123	2.4229e-02	0.64
5mCpG	0.98	8850	872978	1.0138e-02	686	127123	5.3963e-03	0.53
5mCpG	0.99	3750	872978	4.2956e-03	259	127123	2.0374e-03	0.47
